6.541244573082489e-02, 6.570623238333855e-01
9.065123010130247e-02, 6.667710616974633e-01
8.966714905933430e-02, 6.042906357657376e-01
7.039073806078147e-02, 6.653617287817100e-01
1.219102749638206e-01, 5.245067334794864e-01
3.120115774240232e-02, 5.103351080488568e-01
5.904486251808973e-02, 4.860632633886627e-01
9.395079594790159e-02, 5.202787347322267e-01
1.227206946454414e-02, 5.654556843094268e-01
6.795947901591896e-02, 6.443000313185092e-01
2.205499276410999e-02, 5.702317569683683e-01
8.810419681620839e-02, 6.433604760413404e-01
8.613603473227206e-02, 5.671782023175697e-01
9.418234442836469e-02, 5.642812402129659e-01
7.548480463096961e-02, 6.248825555903539e-01
3.444283646888567e-02, 5.679611650485437e-01
4.219971056439942e-02, 5.631067961165048e-01
1.102749638205499e-01, 5.638114625743814e-01
1.056439942112880e-01, 5.440808017538366e-01
8.028943560057887e-02, 6.236298152207955e-01
9.557163531114327e-02, 6.443783275916066e-01
1.859913169319826e-01, 5.401659880989665e-01
1.360347322720695e-01, 5.628719072972127e-01
1.693777134587554e-01, 6.029595991230817e-01
1.084225759768452e-01, 4.426871280927028e-01
1.283936324167873e-01, 4.821484497337927e-01
1.117221418234443e-02, 5.460382085812715e-01
1.562952243125905e-02, 5.880833072345756e-01
4.706222865412446e-02, 5.652207954901347e-01
7.698986975397974e-02, 4.631224553711243e-01
1.265991316931983e-01, 5.025054807391168e-01
1.246888567293777e-01, 6.033510804885688e-01
1.194211287988423e-01, 5.832289383025367e-01
1.442547033285094e-01, 5.430629502035703e-01
0.000000000000000e+00, 6.083620419668023e-01
2.053835021707670e-01, 6.026464140306922e-01
1.308248914616498e-01, 5.229408080175384e-01
1.551953690303907e-01, 5.822110867522706e-01
1.108538350217077e-01, 6.441434387723144e-01
8.966714905933430e-02, 6.244910742248669e-01
3.357452966714906e-02, 6.070310053241466e-01
6.043415340086831e-02, 5.858127153147510e-01
6.124457308248914e-02, 4.833228938302537e-01
7.502170767004342e-02, 5.033667397431882e-01
4.248914616497829e-02, 5.454901346695897e-01
3.374819102749638e-02, 5.054024428437206e-01
3.606367583212735e-02, 5.255245850297526e-01
2.370477568740955e-01, 5.996711556529909e-01
1.089435600578871e-01, 6.059348575007829e-01
1.132850940665702e-01, 4.833228938302537e-01
9.921852387843705e-02, 6.864234262449107e-01
7.548480463096961e-02, 6.058565612276856e-01
8.393632416787265e-02, 6.016285624804260e-01
1.106801736613603e-01, 6.659098026933918e-01
1.292040520984081e-01, 6.637175070466645e-01
1.222575976845152e-01, 5.632633886626996e-01
1.344138929088278e-01, 6.230034450360162e-01
1.043125904486252e-01, 5.862041966802380e-01
1.184370477568741e-01, 6.711556529909176e-01
1.043704775687410e-01, 6.865800187911055e-01
5.227206946454414e-02, 5.865956780457250e-01
4.879884225759768e-02, 5.839336047604134e-01
8.712011577424023e-02, 5.478390228625117e-01
9.250361794500724e-02, 6.479016598809897e-01
8.416787264833575e-02, 5.332759160663952e-01
9.580318379160636e-02, 6.056999686814908e-01
1.035021707670043e-01, 6.020200438459129e-01
1.154269175108538e-01, 5.844033823989978e-01
1.085383502170767e-01, 6.486063263388663e-01
1.170477568740955e-01, 4.819918571875978e-01
1.112590448625181e-01, 5.246633260256812e-01
9.806078147612156e-02, 5.234105856561228e-01
9.858176555716353e-02, 5.660820544942061e-01
8.144717800289436e-02, 6.841528343250861e-01
1.135166425470333e-01, 6.048387096774194e-01
7.826338639652677e-02, 5.211399937362982e-01
1.008393632416787e-01, 6.674757281553398e-01
7.646888567293778e-02, 6.624647666771062e-01
7.849493487698987e-02, 6.418728468524898e-01
1.035600578871201e-01, 4.832445975571563e-01
1.088856729377713e-01, 6.874412777951769e-01
6.969609261939219e-02, 6.834481678672095e-01
1.173950795947902e-01, 5.037582211086752e-01
9.412445730824892e-02, 6.847792045098653e-01
2.558610709117222e-02, 5.663952395865957e-01
9.578581765557164e-01, 5.629502035703100e-01
2.742691751085384e-01, 6.002192295646728e-01
5.326193921852388e-01, 5.541810209834012e-01
9.811866859623734e-02, 5.456467272157846e-01
1.167583212735166e-01, 5.432978390228625e-01
2.639073806078148e-01, 5.803319761979330e-01
8.032995658465991e-01, 2.756811775759474e-01
2.796526772793054e-01, 2.784215471343564e-01
1.938639652677279e-01, 2.082680864390855e-01
2.530824891461650e-01, 2.103820858127153e-01
2.914037626628075e-01, 2.604917005950517e-01
2.302749638205499e-01, 2.335577826495459e-01
3.341244573082489e-01, 2.779517694957720e-01
1.973950795947902e-01, 2.573598496711557e-01
2.438205499276411e-01, 2.831976197932978e-01
2.332272069464544e-01, 2.860945818979017e-01
5.978002894356006e-01, 2.257281553398058e-01
6.008683068017366e-01, 2.444409646100845e-01
4.739218523878437e-01, 2.551675540244284e-01
2.120984081041968e-01, 2.392734105856561e-01
2.093198263386397e-01, 2.598653304102725e-01
7.518379160636758e-01, 2.878953961791419e-01
5.054703328509407e-01, 3.526464140306921e-01
3.446599131693198e-01, 4.041653617287817e-01
9.019392185238785e-01, 2.844503601628562e-01
9.135166425470332e-01, 2.693391794550579e-01
2.252387843704776e-01, 1.899467585342938e-01
2.179450072358900e-01, 2.050579392420921e-01
2.735166425470333e-01, 2.092859379893517e-01
6.123299565846599e-01, 1.854838709677419e-01
7.696671490593343e-01, 2.273723770748513e-01
4.575397973950796e-01, 2.004384591293454e-01
6.321852387843705e-01, 2.252583777012214e-01
2.691172214182345e-01, 2.607265894143439e-01
9.483068017366136e-01, 3.445818979016599e-01
9.018234442836469e-01, 2.666771061697463e-01
7.206367583212735e-01, 2.297212652677733e-01
7.551374819102750e-01, 3.726902599436267e-01
4.027785817655571e-01, 2.061540870654557e-01
4.373950795947902e-01, 2.149232696523646e-01
2.243704775687410e-01, 3.245380519887253e-01
9.437916063675832e-01, 3.434857500782963e-01
5.209261939218524e-01, 2.096774193548387e-01
8.953979739507959e-01, 2.137488255559035e-01
7.656729377713459e-01, 3.520983401190103e-01
2.595079594790159e-01, 3.030065768869402e-01
4.784949348769899e-01, 2.360632633886627e-01
7.818234442836469e-01, 3.683056686501722e-01
2.179450072358900e-01, 2.626056999686815e-01
3.987264833574530e-01, 2.027090510491701e-01
2.560926193921853e-01, 3.055120576260570e-01
4.839363241678726e-01, 2.172721578452866e-01
5.601157742402315e-01, 2.530535546507986e-01
5.726193921852388e-01, 2.053711243344817e-01
2.720694645441389e-01, 2.162543062950203e-01
7.825180897250362e-01, 2.521922956467272e-01
7.994211287988423e-01, 3.861572189163796e-01
4.343849493487699e-01, 2.070936423426245e-01
6.931982633863966e-01, 3.593798935170686e-01
3.056439942112880e-01, 2.278421547134356e-01
7.751664254703329e-01, 1.994206075790792e-01
2.219971056439942e-01, 1.847792045098653e-01
5.100434153400868e-01, 3.552301910429064e-01
7.360926193921853e-01, 2.277638584403383e-01
7.169319826338639e-01, 2.247886000626370e-01
2.409261939218524e-01, 2.647196993423113e-01
4.775108538350217e-01, 3.656435953648606e-01
7.829811866859624e-01, 2.330097087378641e-01
7.259044862518089e-01, 2.113216410898841e-01
7.367293777134588e-01, 2.477294080801754e-01
8.165557163531114e-01, 3.960225493266520e-01
4.692329956584660e-01, 1.994989038521766e-01
7.292040520984081e-01, 3.979799561540870e-01
2.155137481910275e-01, 2.825712496085186e-01
2.584081041968162e-01, 2.447541497024742e-01
5.111432706222866e-01, 3.344033823989978e-01
9.005499276410999e-01, 3.226589414343877e-01
8.023154848046310e-01, 4.098026933917945e-01
7.512590448625180e-01, 2.442060757907924e-01
9.231259044862518e-01, 2.539931099279674e-01
7.747612156295224e-01, 3.704979642968995e-01
2.575976845151954e-01, 2.822580645161291e-01
5.466859623733720e-01, 3.506890072032571e-01
3.283936324167873e-01, 4.137958033197620e-01
2.109406657018813e-01, 2.231443783275916e-01
7.406078147612156e-01, 2.313654870028187e-01
7.786975397973951e-01, 2.053711243344817e-01
7.124746743849494e-01, 3.609458189790166e-01
7.241678726483357e-01, 3.501409332915753e-01
5.348191027496382e-01, 3.300187911055434e-01
7.065123010130246e-01, 2.276855621672408e-01
6.305065123010131e-01, 2.111650485436893e-01
5.345875542691751e-01, 3.461478233636079e-01
5.145586107091172e-01, 3.516285624804260e-01
7.310564399421129e-01, 2.902442843720639e-01
7.528219971056440e-01, 1.957406827435014e-01
6.975397973950795e-01, 2.655026620732853e-01
7.107380607814762e-01, 2.535233322893830e-01
7.069175108538350e-01, 2.753679924835578e-01
7.601736613603474e-01, 3.767616661446915e-01
4.865412445730825e-01, 2.568900720325712e-01
7.004920405209841e-01, 3.632164108988412e-01
7.619681620839364e-01, 2.286251174444096e-01
8.085094066570188e-01, 4.147353585969308e-01
4.752532561505065e-01, 2.146883808330723e-01
4.431259044862518e-01, 2.376291888506107e-01
5.450651230101302e-01, 2.077200125274037e-01
4.752532561505065e-01, 2.380206702160977e-01
1.962373371924747e-01, 2.352020043845913e-01
5.659044862518090e-01, 2.546194801127467e-01
5.910274963820550e-01, 2.113216410898841e-01
2.626338639652677e-01, 2.631537738803633e-01
3.363820549927641e-01, 4.062010648293141e-01
4.833574529667149e-01, 3.468524898214845e-01
4.247178002894356e-01, 2.191512683996242e-01
2.193921852387844e-01, 3.023802067021610e-01
2.402315484804631e-01, 3.149076103977451e-01
2.224023154848046e-01, 2.506263701847792e-01
4.771635311143271e-01, 1.937832759160664e-01
2.336324167872648e-01, 3.259473849044786e-01
2.378581765557164e-01, 3.298621985593486e-01
7.654413892908828e-01, 1.786720952082681e-01
7.714037626628075e-01, 2.658158471656749e-01
9.188422575976846e-01, 3.836517381772628e-01
7.428075253256150e-01, 2.498434074538052e-01
7.408393632416788e-01, 2.698089570936423e-01
7.473806078147612e-01, 2.688694018164736e-01
7.520694645441389e-01, 2.653460695270905e-01
5.643994211287988e-01, 3.637644848105230e-01
5.654992764109985e-01, 3.387096774193548e-01
5.811866859623733e-01, 2.111650485436893e-01
5.708248914616498e-01, 3.545255245850297e-01
2.653545586107091e-01, 2.269025994362668e-01
7.458176555716353e-01, 2.284685248982148e-01
2.431259044862518e-01, 3.293924209207642e-01
7.468596237337193e-01, 3.398841215158159e-01
9.068017366136035e-01, 2.680081428124022e-01
7.557163531114327e-01, 2.476511118070780e-01
5.436758321273517e-01, 2.254932665205136e-01
2.228075253256150e-01, 2.648762918885061e-01
2.197395079594790e-01, 2.846852489821485e-01
4.591606367583213e-01, 2.380206702160977e-01
2.706801736613603e-01, 2.384904478546821e-01
5.770188133140376e-01, 2.521922956467272e-01
7.408972503617945e-01, 3.240682743501409e-01
2.015050651230101e-01, 2.139837143751957e-01
7.678147612156295e-01, 2.455371124334482e-01
5.064544138929088e-01, 3.743344816786721e-01
1.956005788712012e-01, 2.802223614155966e-01
2.611866859623734e-01, 2.084246789852803e-01
5.371924746743849e-01, 2.071719386157219e-01
5.298986975397973e-01, 2.020043845912935e-01
3.674674384949349e-01, 2.386470404008769e-01
2.116353111432706e-01, 2.069370497964297e-01
4.174819102749638e-01, 2.156279361102411e-01
2.679594790159189e-01, 3.168650172251801e-01
7.641099855282200e-01, 2.099123081741309e-01
7.795079594790160e-01, 2.721578452865643e-01
4.591027496382055e-01, 2.543062950203570e-01
3.728509406657019e-01, 2.203257124960852e-01
5.573950795947902e-01, 3.579705606013154e-01
7.608104196816209e-01, 3.999373629815221e-01
9.189001447178002e-01, 3.448167867209521e-01
3.187264833574530e-01, 2.761509552145318e-01
3.405499276410999e-01, 2.763858440338240e-01
4.648335745296672e-01, 2.045098653304103e-01
6.100723589001448e-01, 2.070153460695271e-01
3.023444283646888e-01, 2.438145944253053e-01
4.907670043415340e-01, 2.094425305355465e-01
5.043125904486252e-01, 2.173504541183840e-01
4.812156295224312e-01, 3.619636705292828e-01
5.470911722141824e-01, 2.310523019104291e-01
5.263096960926194e-01, 2.182117131224554e-01
4.345007235890014e-01, 2.329314124647667e-01
4.929667149059334e-01, 2.395082994049483e-01
4.268596237337193e-01, 2.337143751957407e-01
2.361794500723589e-01, 3.041027247103038e-01
9.150795947901592e-01, 3.701064829314125e-01
2.461939218523878e-01, 3.044942060757908e-01
8.890303907380608e-01, 2.341058565612277e-01
7.848335745296672e-01, 4.089414343877231e-01
9.224891461649783e-01, 3.624334481678672e-01
2.174819102749638e-01, 2.256498590667084e-01
9.433863965267728e-01, 3.250078296273097e-01
8.885672937771346e-01, 2.999530222361416e-01
7.869175108538350e-01, 2.515659254619480e-01
7.544428364688857e-01, 3.405104917005951e-01
7.481910274963820e-01, 3.915596617601002e-01
2.017945007235890e-01, 2.535233322893830e-01
7.679305354558611e-01, 3.438772314437833e-01
3.990159189580318e-01, 2.402912621359223e-01
1.823444283646889e-01, 1.912777951769496e-01
7.737192474674385e-01, 2.237707485123708e-01
4.210130246020261e-01, 1.902599436266834e-01
7.858755426917511e-01, 2.001252740369558e-01
4.970767004341534e-01, 2.225963044159098e-01
1.990738060781476e-01, 3.234419041653617e-01
3.274095513748191e-01, 2.759943626683370e-01
9.068017366136035e-01, 2.328531161916693e-01
6.191027496382056e-01, 2.218916379580332e-01
8.964978292329957e-01, 3.668180394613216e-01
9.010130246020260e-01, 3.029282806138428e-01
8.850940665701882e-01, 2.799091763232070e-01
4.472937771345876e-01, 2.126526777325399e-01
4.729377713458756e-01, 3.699498903852176e-01
2.478726483357453e-01, 2.285468211713123e-01
2.387843704775687e-01, 2.246320075164422e-01
2.305065123010130e-01, 2.023958659567805e-01
7.887698986975398e-01, 3.667397431882242e-01
6.827206946454414e-01, 3.428593798935171e-01
7.692619392185239e-01, 3.697932978390229e-01
9.213314037626628e-01, 2.726276229251487e-01
6.134298118668596e-01, 1.713122455371124e-01
6.824891461649782e-01, 3.653304102724710e-01
4.892619392185239e-01, 3.510804885687441e-01
5.800289435600579e-01, 3.395709364234262e-01
2.402894356005789e-01, 2.040400876918259e-01
5.019971056439942e-01, 3.738647040400877e-01
9.257308248914616e-01, 3.398841215158159e-01
8.131403762662808e-01, 2.553241465706232e-01
4.100144717800289e-01, 2.047447541497025e-01
2.005209840810420e-01, 2.771688067647980e-01
5.837337192474674e-01, 2.076417162543063e-01
9.128219971056440e-01, 2.536016285624804e-01
2.018523878437048e-01, 1.798465393047291e-01
3.765557163531114e-01, 2.019260883181961e-01
5.750506512301014e-01, 3.769965549639837e-01
6.993342981186687e-01, 2.480425931725650e-01
5.796237337192475e-01, 3.794237394300031e-01
7.798552821997106e-01, 3.904635139367366e-01
7.297829232995658e-01, 2.702787347322267e-01
4.960926193921852e-01, 1.989508299404948e-01
9.081910274963820e-01, 2.875822110867522e-01
3.548480463096961e-01, 3.862355151894770e-01
5.133429811866860e-01, 2.332445975571563e-01
4.118089725036179e-01, 2.582994049483245e-01
4.232127351664255e-01, 2.528969621046038e-01
6.389001447178003e-01, 2.124960851863451e-01
5.951953690303907e-01, 2.056843094268713e-01
6.254703328509407e-01, 1.923739430003132e-01
5.158900144717801e-01, 2.059191982461635e-01
5.748769898697540e-01, 1.881459442530536e-01
7.199421128798842e-01, 3.788756655183213e-01
4.060781476121563e-01, 1.884591293454431e-01
4.574240231548480e-01, 2.187597870341372e-01
7.590159189580319e-01, 2.705919198246163e-01
2.648914616497829e-01, 2.981522079549013e-01
7.870332850940666e-01, 2.121046038208581e-01
8.978292329956584e-01, 2.325399310992797e-01
9.010130246020260e-01, 2.478860006263702e-01
8.799421128798842e-01, 2.127309740056373e-01
4.352532561505065e-01, 2.510178515502662e-01
4.508248914616498e-01, 2.350454118383965e-01
4.432995658465991e-01, 2.177419354838710e-01
7.539218523878437e-01, 2.265894143438772e-01
4.978871201157742e-01, 2.514093329157532e-01
4.490303907380608e-01, 2.525054807391168e-01
2.553979739507959e-01, 2.249451926088318e-01
7.751664254703329e-01, 3.492013780144065e-01
2.794790159189580e-01, 2.405261509552145e-01
2.430101302460203e-01, 2.455371124334482e-01
9.037916063675833e-01, 2.141403069213905e-01
9.374240231548481e-01, 3.553084873160038e-01
2.647178002894356e-01, 1.890072032571250e-01
5.685672937771346e-01, 2.175853429376762e-01
7.697829232995659e-01, 3.949264015032884e-01
6.625759768451519e-01, 2.644065142499217e-01
5.270043415340087e-01, 2.514876291888506e-01
3.560636758321273e-01, 2.723927341058566e-01
2.501881331403762e-01, 3.239116818039461e-01
6.818523878437047e-01, 2.629971813341685e-01
6.674963820549927e-01, 2.451456310679612e-01
2.303907380607815e-01, 2.230660820544942e-01
7.491751085383502e-01, 2.113999373629815e-01
2.225759768451520e-01, 2.068587535233323e-01
8.973661360347323e-01, 3.030848731600376e-01
5.712301013024602e-01, 2.564202943939868e-01
7.246888567293777e-01, 2.299561540870655e-01
7.982633863965267e-01, 2.715314751017852e-01
8.029522431259045e-01, 2.505480739116818e-01
2.045151953690304e-01, 1.979329783902286e-01
2.067727930535456e-01, 2.341841528343251e-01
1.969319826338640e-01, 2.310523019104291e-01
5.833863965267728e-01, 3.583620419668024e-01
7.685094066570188e-01, 3.257124960851863e-01
2.438205499276411e-01, 1.839179455057939e-01
2.499565846599132e-01, 2.856248042593172e-01
2.372793053545586e-01, 2.714531788286877e-01
2.096671490593343e-01, 3.037895396179142e-01
4.374529667149059e-01, 2.665205136235515e-01
7.221418234442837e-01, 2.494519260883182e-01
3.132850940665702e-01, 2.406827435014093e-01
4.918089725036179e-01, 2.188380833072346e-01
7.608104196816209e-01, 2.490604447228312e-01
7.734298118668597e-01, 2.489821484497338e-01
2.507091172214183e-01, 2.653460695270905e-01
5.025759768451520e-01, 2.364547447541497e-01
8.952243125904487e-01, 3.466958972752897e-01
6.170767004341534e-01, 2.035703100532415e-01
5.587843704775688e-01, 3.691669276542436e-01
7.198842257597684e-01, 2.712182900093956e-01
7.420549927641100e-01, 3.565612276855621e-01
4.867727930535456e-01, 3.721421860319449e-01
7.942691751085383e-01, 2.319918571875979e-01
6.022575976845151e-01, 1.880676479799561e-01
4.268596237337193e-01, 2.066238647040401e-01
9.014761215629522e-01, 3.486533041027247e-01
4.131403762662808e-01, 2.742718446601942e-01
9.300723589001447e-01, 3.728468524898215e-01
8.996816208393632e-01, 3.425461948011275e-01
7.868596237337192e-01, 3.737864077669903e-01
5.481331403762663e-01, 3.475571562793611e-01
5.307670043415340e-01, 3.521766363921077e-01
7.133429811866859e-01, 2.348888192922017e-01
7.380028943560057e-01, 3.745693704979643e-01
2.280173661360347e-01, 2.819448794237394e-01
2.290014471780029e-01, 2.663639210773567e-01
2.235021707670043e-01, 3.054337613529596e-01
9.230680173661361e-01, 3.217193861572189e-01
6.894934876989870e-01, 3.803632947071720e-01
4.749059334298119e-01, 2.747416222987786e-01
2.908827785817655e-01, 2.411525211399937e-01
7.315195369030391e-01, 3.795020357031005e-01
4.697539797395079e-01, 2.196993423113060e-01
7.298408104196816e-01, 3.706545568430943e-01
7.645151953690303e-01, 3.692452239273410e-01
9.139797395079595e-01, 2.864077669902912e-01
9.181476121562953e-01, 2.337926714688381e-01
7.956584659913170e-01, 3.888192922016912e-01
6.402315484804630e-01, 2.294080801753836e-01
2.872358900144718e-01, 2.204040087691826e-01
7.073806078147612e-01, 2.070936423426245e-01
9.056439942112879e-01, 3.044159098026934e-01
2.508248914616498e-01, 1.933917945505794e-01
2.593921852387844e-01, 1.908863138114626e-01
7.635890014471780e-01, 2.671468838083307e-01
2.082778581765557e-01, 2.830410272471031e-01
2.802315484804631e-01, 2.209520826808644e-01
2.278437047756874e-01, 3.035546507986220e-01
3.500434153400868e-01, 2.734888819292202e-01
2.722431259044862e-01, 2.582994049483245e-01
7.741823444283646e-01, 2.882085812715315e-01
7.515484804630970e-01, 3.035546507986220e-01
7.556584659913169e-01, 3.221891637958033e-01
7.448335745296671e-01, 3.078609458189790e-01
2.678437047756874e-01, 2.784215471343564e-01
5.406657018813315e-01, 3.531944879423740e-01
5.496960926193922e-01, 2.092859379893517e-01
5.780607814761216e-01, 3.600845599749452e-01
4.104775687409551e-01, 2.390385217663639e-01
5.574529667149060e-01, 2.190729721265268e-01
5.601157742402315e-01, 2.377074851237081e-01
5.025180897250362e-01, 2.547760726589414e-01
5.082489146164978e-01, 2.734888819292202e-01
7.036179450072358e-01, 3.592233009708738e-01
7.168162083936325e-01, 3.571093015972440e-01
2.506512301013025e-01, 2.269808957093642e-01
3.956584659913169e-01, 2.225963044159098e-01
7.772503617945007e-01, 2.281553398058253e-01
4.466570188133140e-01, 2.373160037582211e-01
5.861649782923299e-01, 1.126683369871594e-01
5.951374819102749e-01, 1.190886313811463e-01
7.537481910274964e-01, 9.559974945192609e-02
6.338060781476121e-01, 7.939242092076418e-02
5.164109985528220e-01, 5.057939242092076e-02
9.881331403762663e-01, 4.509865330410273e-01
9.869175108538351e-01, 4.694644534920138e-01
3.159479015918958e-01, 0.000000000000000e+00
3.004920405209841e-01, 3.930472909489508e-02
3.162952243125904e-01, 4.494206075790792e-02
2.530246020260492e-01, 7.555590353899154e-02
3.062228654124458e-01, 3.157688694018165e-01
6.227496382054992e-01, 3.662699655496399e-01
9.490014471780029e-01, 2.329314124647667e-01
9.771345875542692e-01, 2.307391168180395e-01
9.686251808972504e-01, 2.357500782962731e-01
9.657887120115775e-01, 1.809426871280927e-01
4.924457308248915e-01, 7.516442217350454e-02
5.261939218523879e-01, 9.231130598183526e-02
9.986107091172214e-01, 2.593955527716881e-01
9.524746743849494e-01, 3.644691512683996e-01
3.753400868306802e-01, 7.626056999686814e-02
6.823154848046310e-01, 7.038834951456310e-02
7.123010130246020e-01, 7.305042279987473e-02
3.613892908827786e-01, 8.401190103351081e-02
3.594790159189580e-01, 6.451612903225806e-02
3.252098408104197e-01, 8.761352959599122e-02
3.264254703328510e-01, 6.647353585969308e-02
5.666570188133140e-01, 4.877857813968055e-02
6.088567293777135e-01, 7.117131224553712e-02
3.368451519536903e-01, 6.709990604447229e-02
4.437047756874096e-01, 7.688694018164735e-02
9.838494934876990e-01, 2.356717820231757e-01
9.114905933429812e-01, 1.745223927341059e-01
3.449493487698987e-01, 9.058878797369245e-02
2.772214182344429e-01, 1.143908549953022e-01
7.612735166425471e-01, 7.641716254306295e-02
9.670043415340087e-01, 1.976197932978390e-01
7.183212735166425e-01, 6.960538678358910e-02
7.328509406657019e-01, 9.481678672095208e-02
9.684515195369030e-01, 4.100375822110868e-01
9.593632416787264e-01, 4.090980269339179e-01
2.684804630969609e-01, 3.428593798935171e-01
9.597105643994212e-01, 2.691042906357657e-01
9.009551374819103e-01, 1.659098026933918e-01
9.725036179450073e-01, 4.123864704040088e-01
9.875542691751086e-01, 3.899937362981522e-01
5.193053545586107e-01, 9.043219542749766e-02
6.748480463096961e-01, 5.073598496711557e-02
6.781476121562953e-01, 8.894456623864704e-02
6.521562952243126e-01, 7.250234888819292e-02
3.796237337192475e-01, 1.143908549953022e-01
9.801447178002894e-01, 3.892890698402756e-01
6.899565846599132e-01, 5.465079862198560e-02
9.146164978292330e-01, 1.691199498903852e-01
4.378002894356006e-01, 7.328531161916693e-02
5.946743849493488e-01, 5.324146570623239e-02
6.827206946454414e-01, 5.386783589101159e-02
3.210998552821997e-01, 4.152834325086126e-01
2.922720694645441e-01, 3.188224240526151e-01
9.463386396526773e-01, 2.126526777325399e-01
6.571345875542691e-01, 3.268086439085500e-01
4.020260492040521e-01, 6.381146257438146e-02
2.960347322720694e-01, 1.019417475728155e-01
3.290303907380608e-01, 4.345443156905731e-02
3.419971056439942e-01, 1.145474475414970e-01
1.000000000000000e+00, 3.477137488255559e-01
2.651230101302460e-01, 3.434074538051989e-01
6.885672937771345e-01, 3.033197619793298e-01
2.841099855282200e-01, 3.196053867835891e-01
2.793053545586107e-01, 3.197619793297839e-01
5.026917510853836e-01, 8.878797369245224e-02
9.829232995658466e-01, 3.643908549953022e-01
8.734008683068017e-01, 1.925305355465080e-01
6.031259044862518e-01, 4.031475101785155e-01
5.625470332850940e-01, 1.096147823363608e-01
3.509117221418234e-01, 2.325399310992797e-02
6.259334298118668e-01, 1.288756655183213e-01
5.042547033285094e-01, 4.533354212339492e-02
9.654413892908827e-01, 3.477920450986533e-01
9.686830680173661e-01, 3.456780457250235e-01
5.408972503617945e-01, 3.903069213905418e-01
6.059044862518089e-01, 9.066708424678985e-02
6.008683068017366e-01, 9.599123081741309e-02
6.070043415340087e-01, 1.100062637018478e-01
6.081620839363242e-01, 3.874099592859380e-01
7.459913169319826e-01, 9.419041653617288e-02
4.825470332850941e-01, 3.679924835577827e-02
8.562083936324167e-01, 1.676323207015346e-01
6.263386396526773e-01, 5.864390854995302e-02
5.755137481910275e-01, 7.140620106482931e-02
2.564399421128799e-01, 3.444253053554651e-01
2.521562952243126e-01, 3.448167867209521e-01
2.846309696092619e-01, 3.508455997494520e-01
9.819392185238784e-01, 3.445818979016599e-01
3.760347322720695e-01, 9.622611963670530e-02
7.303039073806078e-01, 9.873160037582211e-02
4.204341534008683e-01, 6.976197932978390e-02
3.902749638205499e-01, 4.000939555277169e-02
7.342402315484805e-01, 7.594738490447854e-02
3.087120115774240e-01, 4.182586908863138e-01
6.926772793053546e-01, 3.052771688067648e-01
9.935166425470333e-01, 3.041027247103038e-01
5.888277858176556e-01, 9.301597243971187e-02
9.211577424023155e-01, 1.670842467898528e-01
3.129956584659913e-01, 4.138740995928594e-01
2.756584659913169e-01, 3.219542749765111e-01
3.028654124457308e-01, 4.206858753523332e-01
5.258465991316932e-01, 7.250234888819292e-02
3.861649782923299e-01, 5.535546507986220e-02
9.864544138929088e-01, 3.240682743501409e-01
9.454703328509406e-01, 1.460225493266520e-01
9.052387843704776e-01, 1.489195114312559e-01
9.311722141823444e-01, 1.890854995302224e-01
9.407814761215629e-01, 1.866583150642029e-01
9.270622286541245e-01, 2.105386783589101e-01
5.709985528219971e-01, 4.572502348888193e-02
6.229232995658466e-01, 8.988412151581585e-02
3.359768451519537e-01, 2.756028813028500e-02
9.763241678726483e-01, 4.515346069527090e-01
9.725036179450073e-01, 4.704040087691826e-01
9.770188133140376e-01, 4.159880989664892e-01
6.420839363241678e-01, 9.512997181334168e-02
3.323878437047757e-01, 1.667710616974632e-02
3.300723589001447e-01, 1.093015972439712e-01
9.734298118668596e-01, 2.649545881616035e-01
9.800868306801737e-01, 3.042593172564986e-01
3.396816208393633e-01, 1.316160350767303e-01
6.699276410998553e-01, 1.082837456937050e-01
6.408104196816209e-01, 4.000939555277169e-02
9.603473227206947e-01, 3.821641089884121e-01
5.154848046309696e-01, 6.827435014093329e-02
9.888856729377713e-01, 3.474005637331663e-01
3.195947901591896e-01, 2.113999373629815e-02
3.080173661360348e-01, 1.448481052301910e-02
9.367872648335746e-01, 1.898684622611964e-01
4.305065123010130e-01, 6.952709051049170e-02
4.239652677279305e-01, 6.404635139367366e-02
5.880173661360347e-01, 5.739116818039462e-02
2.986975397973951e-01, 6.553398058252427e-02
3.808393632416787e-01, 7.766990291262135e-02
3.911432706222865e-01, 7.649545881616035e-02
9.766136034732272e-01, 1.689633573441904e-01
3.410130246020260e-01, 1.497024741622299e-01
3.484804630969609e-01, 1.305981835264641e-01
7.493487698986976e-01, 7.038834951456310e-02
5.033863965267728e-01, 6.459442530535546e-02
9.703039073806078e-01, 1.328687754462888e-01
5.332561505065123e-01, 6.929220169119950e-02
3.701302460202605e-01, 2.364547447541497e-02
3.841968162083936e-01, 1.894769808957094e-02
9.729667149059334e-01, 3.077826495458816e-01
9.366714905933430e-01, 2.497651111807078e-01
3.988422575976845e-01, 2.035703100532415e-02
3.514327062228654e-01, 8.448167867209520e-02
3.672937771345876e-01, 1.045255245850298e-01
4.255861070911722e-01, 2.051362355151895e-02
3.432706222865413e-01, 2.043532727842155e-02
2.443415340086831e-01, 3.485750078296273e-01
6.258176555716353e-01, 3.249295333542123e-01
3.154269175108538e-01, 3.373003445036016e-01
6.778581765557163e-01, 3.041027247103038e-01
4.364109985528220e-01, 9.215471343564047e-02
9.294934876989870e-01, 1.501722518008143e-01
2.908248914616498e-01, 1.116504854368932e-01
3.568740955137482e-01, 2.622925148762919e-02
2.547612156295224e-01, 6.287190729721265e-02
6.233285094066571e-01, 3.861572189163796e-01
2.908827785817655e-01, 6.788286877544629e-02
9.695513748191027e-01, 2.571249608518634e-01
8.672069464544139e-01, 1.693548387096774e-01
9.668885672937771e-01, 2.846069527090511e-01
3.210998552821997e-01, 4.098809896648919e-01
7.256150506512301e-01, 7.352020043845912e-02
2.957452966714906e-01, 3.174913874099593e-01
8.898986975397974e-01, 1.315377388036330e-01
7.006657018813314e-01, 3.081741309113686e-01
5.949059334298119e-01, 1.020983401190103e-01
9.206946454413892e-01, 1.898684622611964e-01
5.784659913169320e-01, 5.018791105543376e-02
5.682199710564400e-01, 3.861572189163796e-01
5.456439942112880e-01, 7.242405261509552e-02
5.614471780028943e-01, 4.061227685562167e-01
3.359189580318379e-01, 8.698715941121203e-02
9.494645441389291e-01, 2.528186658315064e-01
9.777134587554269e-01, 3.267303476354526e-01
7.368451519536903e-01, 9.137175070466645e-02
6.741534008683068e-01, 3.257124960851863e-01
5.690882778581765e-01, 9.152834325086126e-02
6.591027496382055e-01, 4.807391168180394e-02
2.710853835021708e-01, 7.312871907297212e-02
9.602894356005789e-01, 1.918258690886314e-01
9.723299565846599e-01, 5.098653304102725e-01
9.431548480463097e-01, 3.678358910115879e-01
4.598552821997106e-01, 9.724397118697151e-02
7.183212735166425e-01, 9.254619480112747e-02
3.766714905933430e-01, 4.055746946445350e-02
9.697829232995658e-01, 2.133573441904165e-01
7.843125904486252e-01, 1.000626370184779e-01
7.413024602026049e-01, 9.011901033510805e-02
3.061649782923300e-01, 2.419354838709677e-02
6.982344428364688e-01, 7.336360789226433e-02
3.052966714905934e-01, 8.557782649545882e-02
5.569319826338640e-01, 6.921390541810210e-02
5.896382054992764e-01, 7.406827435014093e-02
3.945586107091172e-01, 2.701221421860319e-02
4.975397973950796e-01, 7.774819918571876e-02
2.643125904486252e-01, 5.206702160977138e-02
9.784081041968162e-01, 1.893986846226120e-01
9.546164978292330e-01, 2.135139367366113e-01
9.638205499276411e-01, 3.967272157845286e-01
9.478437047756874e-01, 1.892420920764172e-01
3.978002894356006e-01, 9.497337926714688e-02
3.044283646888568e-01, 3.710460382085813e-01
5.909696092619392e-01, 3.827904791731914e-01
5.563531114327063e-01, 4.971813341684936e-02
6.879884225759768e-01, 6.616035076730348e-02
9.905643994211288e-01, 3.686188537425619e-01
3.189001447178003e-01, 8.706545568430943e-02
5.271201157742402e-01, 3.715941121202631e-01
4.767004341534009e-01, 3.853742561854056e-01
9.282199710564399e-01, 3.045725023488882e-01
9.541534008683068e-01, 3.061384278108362e-01
3.268885672937771e-01, 2.497651111807078e-02
3.227785817655572e-01, 4.595991230817413e-02
4.082778581765557e-01, 5.848731600375822e-02
4.302749638205499e-01, 4.212339492640151e-02
5.197105643994211e-01, 3.707328531161917e-01
9.348191027496382e-01, 2.673817726276229e-01
9.828654124457308e-01, 4.108988412151582e-01
9.749348769898698e-01, 4.318822424052615e-01
5.849493487698987e-01, 3.734732226746007e-02
5.499276410998553e-01, 4.278891324772941e-01
5.149638205499276e-01, 1.093798935170686e-01
3.678147612156295e-01, 1.326338866269965e-01
4.251808972503618e-01, 9.058878797369245e-02
6.812735166425470e-01, 3.231287190729721e-01
6.049782923299566e-01, 3.817726276229251e-01
2.949348769898698e-01, 4.392420920764172e-02
7.312301013024602e-01, 6.193235202004384e-02
2.853835021707670e-01, 6.858753523332289e-02
9.638205499276411e-01, 2.163326025681178e-01
4.488567293777135e-01, 6.114938928906984e-02
5.485383502170768e-01, 6.944879423739431e-02
5.908538350217076e-01, 3.632164108988412e-01
6.641389290882779e-01, 3.203100532414657e-01
9.361505065123010e-01, 2.308957093642343e-01
9.556584659913170e-01, 1.933917945505794e-01
2.849204052098408e-01, 8.651738177262762e-02
6.695803183791607e-01, 3.421547134356405e-01
5.413024602026050e-01, 7.211086752270592e-02
5.085962373371925e-01, 7.633886626996556e-02
6.351953690303908e-01, 9.990604447228311e-02
5.731982633863966e-01, 1.100845599749452e-01
3.635890014471780e-01, 1.514249921703727e-01
9.848914616497829e-01, 3.701064829314125e-01
2.836468885672938e-01, 1.069527090510492e-01
3.085962373371925e-01, 1.084403382398998e-01
5.213892908827786e-01, 7.054494206075791e-02
5.494645441389291e-01, 1.121202630754776e-01
2.699276410998553e-01, 1.125117444409646e-01
7.098697539797395e-01, 3.166301284058879e-01
4.563241678726483e-01, 3.628249295333542e-01
4.480463096960926e-01, 3.658784841841528e-01
6.644283646888567e-01, 3.419981208894456e-01
3.171056439942113e-01, 1.085969307860946e-01
7.705933429811866e-01, 9.559974945192609e-02
6.023733719247467e-01, 5.339805825242718e-02
9.167004341534009e-01, 1.319292201691200e-01
6.474674384949348e-01, 3.024585029752584e-01
4.796526772793053e-01, 4.036172878170999e-01
5.554269175108538e-01, 4.105856561227685e-01
6.459623733719247e-01, 7.610397745067335e-02
6.633863965267728e-01, 1.103194487942374e-01
5.220839363241678e-01, 3.936736611337300e-01
2.731114327062228e-01, 3.170999060444723e-02
4.050361794500724e-01, 9.450360162856249e-02
9.746454413892909e-01, 1.932352020043846e-01
3.168162083936324e-01, 2.716880676479800e-02
3.114905933429812e-01, 4.666457876605073e-02
3.989001447178003e-01, 4.102724710303789e-02
2.765267727930535e-01, 9.309426871280926e-02
9.961794500723589e-01, 2.810053241465706e-01
8.728219971056440e-01, 1.694331349827748e-01
8.914037626628075e-01, 1.683369871594112e-01
6.736903039073806e-01, 8.949264015032884e-02
5.194211287988423e-01, 3.740995928593799e-01
6.544138929088278e-01, 3.446601941747573e-01
9.593632416787264e-01, 1.712339492640150e-01
9.590738060781476e-01, 2.323833385530849e-01
9.322141823444283e-01, 2.860945818979017e-01
4.825470332850941e-01, 5.770435327278422e-02
5.212156295224313e-01, 2.810836204196680e-02
5.273516642547034e-01, 4.846539304729095e-02
9.654992764109985e-01, 4.316473535859693e-01
5.070911722141823e-01, 1.121202630754776e-01
9.423444283646889e-01, 3.866269965549640e-01
9.783502170767004e-01, 2.377857813968055e-01
5.114905933429812e-01, 4.153617287817100e-01
9.799710564399421e-01, 2.554024428437207e-01
5.965846599131693e-01, 1.382712182900094e-01
2.771635311143271e-01, 3.406670842467899e-01
9.593632416787264e-01, 1.502505480739117e-01
9.646888567293778e-01, 1.497807704353273e-01
3.260781476121563e-01, 1.150955214531788e-01
9.953111432706223e-01, 3.903852176636392e-01
6.138350217076700e-01, 1.084403382398998e-01
9.727930535455861e-01, 3.621202630754776e-01
9.758610709117221e-01, 3.409019730660821e-01
2.767583212735166e-01, 5.840901973066082e-02
2.571345875542692e-01, 9.473849044785468e-02
9.530535455861071e-01, 3.456780457250235e-01
9.081910274963820e-01, 1.693548387096774e-01
3.063965267727931e-01, 4.494206075790792e-02
9.446020260492041e-01, 1.664578766050736e-01
9.359768451519537e-01, 1.670842467898528e-01
9.334876989869754e-01, 4.956154087065456e-01
4.579450072358900e-01, 7.994049483244597e-02
5.157742402315485e-01, 8.957093642342624e-02
5.058755426917511e-01, 9.646100845599749e-02
7.005499276410998e-01, 9.411212026307547e-02
3.483068017366136e-01, 4.502035703100533e-02
4.399421128798842e-01, 5.801753836517382e-02
3.631259044862518e-01, 1.257438145944253e-01
3.862807525325615e-01, 7.453805198872533e-02
3.140376266280753e-01, 8.471656749138741e-02
5.545586107091173e-01, 9.019730660820545e-02
6.597973950795948e-01, 7.109301597243971e-02
4.545296671490593e-01, 3.714375195740683e-01
6.119826338639652e-01, 5.010961478233636e-02
3.085383502170767e-01, 3.339336047604134e-01
2.868885672937772e-01, 3.333072345756342e-01
6.207235890014472e-01, 7.242405261509552e-02
3.478437047756874e-01, 6.475101785155027e-02
6.880463096960926e-01, 8.667397431882243e-02
4.784370477568741e-01, 7.688694018164735e-02
4.092619392185239e-01, 7.626056999686814e-02
6.756005788712012e-01, 3.464610084559975e-01
4.687698986975398e-01, 9.434700908236768e-02
4.790159189580319e-01, 9.567804572502349e-02
3.551953690303907e-01, 1.215941121202631e-01
3.526483357452967e-01, 1.043689320388349e-01
5.829811866859623e-01, 7.132790479173191e-02
4.485094066570188e-01, 9.434700908236768e-02
6.145875542691751e-01, 4.122298778578140e-01
3.207525325615050e-01, 6.561227685562167e-02
6.634442836468886e-01, 9.152834325086126e-02
3.746454413892909e-01, 1.170529282806138e-01
5.104486251808973e-01, 3.100532414657062e-02
6.920405209840811e-01, 9.497337926714688e-02
6.670332850940666e-01, 5.339805825242718e-02
3.731403762662808e-01, 5.786094581897901e-02
3.694934876989870e-01, 5.010961478233636e-02
4.337481910274964e-01, 3.614938928906984e-01
5.521852387843704e-01, 3.882712182900094e-01
2.984659913169320e-01, 3.371437519574068e-01
2.787843704775688e-01, 7.367679298465393e-02
6.526772793053546e-01, 9.278108362041967e-02
5.475542691751085e-01, 9.481678672095208e-02
9.647467438494934e-01, 1.695897275289696e-01
6.987554269175108e-01, 3.216410898841215e-01
4.102460202604921e-01, 1.137644848105230e-01
2.525615050651230e-01, 1.020200438459129e-01
4.192764109985528e-01, 4.384591293454432e-02
6.915195369030390e-01, 1.118070779830880e-01
9.641678726483357e-01, 3.261822737237707e-01
9.883068017366136e-01, 2.553241465706232e-01
5.622575976845152e-01, 4.253836517381773e-01
9.039073806078147e-01, 1.933917945505794e-01
5.561215629522431e-01, 4.313341684935797e-01
4.683646888567294e-01, 5.660820544942061e-02
9.817076700434153e-01, 2.698872533667397e-01
3.693198263386396e-01, 8.103664265580958e-02
6.261649782923300e-01, 4.068274350140934e-01
5.406657018813315e-01, 2.810836204196680e-02
4.512879884225760e-01, 2.254932665205136e-02
3.992474674384949e-01, 7.555590353899154e-02
9.778871201157743e-01, 4.015032884434701e-01
6.159768451519537e-01, 4.048700281866583e-01
6.171345875542692e-01, 3.842781083620420e-01
3.371345875542692e-01, 4.611650485436893e-02
5.452966714905934e-01, 4.093329157532101e-01
5.380028943560058e-01, 4.830880050109615e-02
6.116931982633864e-01, 3.649389289069840e-01
9.895224312590448e-01, 4.307077983088005e-01
9.809551374819103e-01, 4.336830566865017e-01
9.996526772793054e-01, 3.036329470717194e-01
5.123589001447179e-01, 3.953178828687754e-01
5.261939218523879e-01, 3.924209207641716e-01
5.239363241678726e-01, 4.117601002192295e-01
9.448914616497829e-01, 2.856248042593172e-01
9.393921852387843e-01, 3.041027247103038e-01
5.912011577424023e-01, 4.008769182586909e-01
5.883068017366136e-01, 4.065142499217037e-01
8.863096960926193e-01, 1.904948324459756e-01
4.221707670043415e-01, 2.536799248355778e-02
4.514616497829233e-01, 4.063576573755089e-02
4.329377713458755e-01, 2.419354838709677e-02
7.836758321273517e-01, 5.717976824303164e-01
9.523589001447178e-01, 4.224866896335734e-01
9.511432706222865e-01, 4.766677106169746e-01
8.703328509406657e-01, 3.260256811775760e-01
8.795947901591896e-01, 3.235984967115565e-01
5.711143270622286e-01, 4.354838709677419e-01
5.672937771345875e-01, 4.531788286877544e-01
7.940376266280752e-01, 1.322424052615095e-01
7.824023154848047e-01, 1.636392107735672e-01
8.504196816208394e-01, 3.105230191042906e-01
9.367872648335746e-01, 3.228155339805825e-01
8.497250361794501e-01, 2.146883808330723e-01
4.288856729377714e-01, 1.692765424365800e-01
4.256439942112880e-01, 2.728625117444410e-01
6.423733719247467e-01, 2.832759160663952e-01
2.359479015918958e-01, 4.549013466958973e-01
8.377424023154848e-01, 4.375978703413718e-01
2.997973950795948e-01, 2.973692452239273e-01
3.424602026049204e-01, 2.931412464766677e-01
4.810998552821997e-01, 1.522862511744441e-01
6.758900144717800e-01, 5.490134669589728e-01
8.720115774240231e-01, 3.384747886000626e-01
7.957742402315485e-01, 1.107109301597244e-01
8.389580318379161e-01, 1.904165361728782e-01
4.795369030390738e-01, 5.158158471656750e-01
5.354558610709117e-01, 1.111807077983088e-01
3.722141823444284e-01, 3.625117444409646e-01
5.476121562952243e-01, 2.508612590040714e-01
8.314905933429811e-01, 4.756498590667084e-01
7.235311143270622e-01, 4.410429063576574e-01
7.090593342981186e-01, 4.382242405261509e-01
2.881041968162084e-01, 4.102724710303789e-01
7.814182344428364e-01, 1.779674287503915e-01
8.083357452966715e-01, 1.827435014093329e-01
2.808104196816208e-01, 1.756968368305669e-01
8.358321273516642e-01, 4.177106169746320e-01
2.370477568740955e-01, 1.172878170999060e-01
9.395658465991317e-01, 4.250704666457877e-01
8.908248914616498e-01, 2.586125900407141e-01
6.133719247467438e-01, 4.891168180394613e-01
6.296960926193922e-01, 2.819448794237394e-01
4.233285094066570e-01, 3.092702787347322e-01
7.431548480463097e-01, 5.644378327591607e-01
4.084515195369031e-01, 3.394143438772315e-01
3.905065123010130e-01, 3.495928593798935e-01
6.946454413892909e-01, 5.300657688694018e-01
5.074963820549928e-01, 5.562167240839336e-01
6.289435600578871e-01, 1.484497337926715e-01
4.575976845151954e-01, 3.420764171625431e-01
2.274384949348770e-01, 3.471656749138741e-01
5.183212735166426e-01, 1.500939555277169e-01
7.394500723589001e-01, 3.441904165361729e-01
4.486830680173661e-01, 3.471656749138741e-01
4.006367583212735e-01, 1.504854368932039e-01
5.209840810419681e-01, 1.363138114625744e-01
6.753690303907380e-01, 2.101471969934231e-01
4.255861070911722e-01, 3.279047917319136e-01
8.068885672937771e-01, 3.620419668023802e-01
5.610998552821997e-01, 3.379267146883808e-01
5.166425470332850e-01, 1.286407766990291e-01
3.489435600578871e-01, 1.730347635452552e-01
4.739218523878437e-01, 4.421390541810210e-01
4.871780028943560e-01, 4.362668336987159e-01
5.704775687409551e-01, 4.050266207328531e-01
9.402026049204052e-01, 4.412777951769496e-01
3.343560057887120e-01, 2.980739116818040e-01
4.119826338639653e-01, 3.115408706545568e-01
3.444283646888567e-01, 3.120106482931412e-01
4.665123010130246e-01, 1.500939555277169e-01
8.767004341534008e-01, 4.297682430316317e-01
6.708538350217077e-01, 1.684935797056060e-01
3.989580318379161e-01, 4.050266207328531e-01
3.537481910274964e-01, 3.301753836517382e-01
8.615340086830681e-01, 2.085029752583777e-01
4.545296671490593e-01, 3.272001252740370e-01
7.962373371924747e-01, 3.414500469777639e-01
6.221707670043415e-01, 2.405261509552145e-01
8.393632416787264e-01, 4.946758534293768e-01
8.111143270622286e-01, 5.634982774819919e-01
8.090303907380608e-01, 2.609614782336361e-01
7.925325615050651e-01, 1.460225493266520e-01
6.358321273516643e-01, 3.463044159098027e-01
8.222865412445731e-01, 1.871280927027874e-01
3.982633863965268e-01, 3.115408706545568e-01
7.096382054992764e-01, 1.724083933604760e-01
7.198842257597684e-01, 1.700595051675540e-01
5.534587554269175e-01, 2.726276229251487e-01
8.197973950795948e-01, 1.924522392734106e-01
5.566425470332851e-01, 3.408236767929846e-01
5.181476121562952e-01, 5.115878484184153e-01
9.113748191027496e-01, 3.632947071719386e-01
7.307670043415340e-01, 1.752270591919824e-01
5.331982633863965e-01, 1.485280300657689e-01
5.328509406657019e-01, 1.656749138740996e-01
8.597395079594791e-01, 1.862668336987159e-01
8.540086830680174e-01, 1.912777951769496e-01
9.396816208393632e-01, 5.243501409332916e-01
6.745007235890015e-01, 1.477450673347949e-01
5.062228654124458e-01, 4.368149076103978e-01
9.127062228654125e-01, 3.889758847478860e-01
5.273516642547034e-01, 1.854055746946445e-01
3.308248914616498e-01, 4.781553398058253e-01
9.539797395079594e-01, 5.219229564672722e-01
5.837337192474674e-01, 4.527090510491701e-01
3.113748191027496e-01, 4.361102411525211e-01
3.429811866859624e-01, 4.402599436266834e-01
3.243415340086830e-01, 2.541497024741622e-01
4.499565846599132e-01, 5.408706545568431e-01
3.216208393632417e-01, 4.357187597870341e-01
3.035600578871201e-01, 4.372846852489822e-01
4.321273516642547e-01, 5.408706545568431e-01
8.210130246020261e-01, 1.463357344190417e-01
9.307091172214182e-01, 5.627153147510179e-01
9.403183791606368e-01, 5.613059818352646e-01
6.935455861070912e-01, 3.981365487002819e-01
2.573661360347323e-01, 1.706075790792358e-01
4.479884225759768e-01, 1.319292201691200e-01
5.770188133140376e-01, 2.755245850297526e-01
3.046599131693198e-01, 2.059191982461635e-01
3.607525325615051e-01, 1.682586908863138e-01
8.810419681620839e-01, 3.412934544315691e-01
3.348191027496382e-01, 3.893673661133730e-01
5.953111432706223e-01, 3.190573128719073e-01
4.956295224312590e-01, 3.141246476667711e-01
2.724746743849493e-01, 4.206075790792358e-01
5.325036179450072e-01, 3.135765737550892e-01
5.653256150506513e-01, 1.819605386783589e-01
3.234153400868307e-01, 3.290792358283746e-01
5.195947901591896e-01, 3.106796116504854e-01
7.624891461649783e-01, 1.165048543689320e-01
4.597395079594790e-01, 3.272001252740370e-01
6.169609261939218e-01, 1.288756655183213e-01
5.588422575976845e-01, 1.706858753523332e-01
5.820549927641100e-01, 2.724710303789540e-01
6.405788712011578e-01, 3.454431569057313e-01
5.404341534008683e-01, 3.088005010961478e-01
6.452098408104197e-01, 1.917475728155340e-01
4.739797395079595e-01, 1.522862511744441e-01
4.729377713458756e-01, 3.201534606952709e-01
4.891461649782923e-01, 4.145004697776386e-01
4.511722141823444e-01, 5.033667397431882e-01
3.787554269175109e-01, 4.227998747259630e-01
3.786396526772793e-01, 3.871750704666458e-01
3.854703328509407e-01, 3.859223300970874e-01
4.626917510853835e-01, 3.450516755402443e-01
3.102170767004341e-01, 3.908549953022236e-01
3.243415340086830e-01, 3.877231443783276e-01
6.635600578871201e-01, 3.626683369871594e-01
7.317510853835022e-01, 3.106013153773881e-01
8.463096960926194e-01, 3.651738177262762e-01
7.584949348769898e-01, 1.197150015659255e-01
4.760057887120116e-01, 3.272001252740370e-01
8.110564399421129e-01, 1.410115878484184e-01
6.896092619392186e-01, 4.133260256811776e-01
4.248335745296671e-01, 3.881929220169120e-01
5.533429811866860e-01, 1.677106169746320e-01
4.068885672937771e-01, 4.062793611024115e-01
8.096092619392186e-01, 3.180394613216411e-01
3.636468885672938e-01, 1.841528343250861e-01
5.117221418234443e-01, 2.904791731913561e-01
3.689146164978293e-01, 3.123238333855308e-01
6.756005788712012e-01, 3.707328531161917e-01
4.975397973950796e-01, 1.558878797369245e-01
8.449782923299566e-01, 3.442687128092703e-01
4.457308248914617e-01, 3.303319761979330e-01
4.144717800289436e-01, 5.035233322893831e-01
4.079884225759768e-01, 5.071249608518634e-01
7.004341534008683e-01, 3.872533667397432e-01
3.094645441389291e-01, 3.533510804885687e-01
4.786107091172214e-01, 1.721735045411839e-01
4.572503617945007e-01, 1.670059505167554e-01
6.347901591895804e-01, 1.150172251800814e-01
6.522141823444284e-01, 1.329470717193862e-01
8.372793053545586e-01, 5.923113059818352e-01
9.620839363241679e-01, 4.902912621359223e-01
3.710564399421129e-01, 1.526777325399311e-01
6.852098408104197e-01, 1.686501722518008e-01
6.792474674384950e-01, 1.641089884121516e-01
3.605209840810420e-01, 2.586125900407141e-01
6.941244573082489e-01, 2.087378640776699e-01
3.659044862518090e-01, 3.300970873786408e-01
2.919826338639653e-01, 4.302380206702161e-01
2.964978292329957e-01, 4.041653617287817e-01
6.426049204052099e-01, 3.214062010648293e-01
2.178871201157742e-01, 3.250078296273097e-01
8.654124457308249e-01, 2.906357657375509e-01
4.405209840810420e-01, 1.862668336987159e-01
8.083936324167873e-01, 5.547290948950830e-01
8.117510853835022e-01, 4.752583777012214e-01
7.780028943560058e-01, 5.585656122768556e-01
2.827206946454414e-01, 4.366583150642029e-01
4.975397973950796e-01, 3.947698089570936e-01
4.877568740955138e-01, 3.939085499530222e-01
3.521273516642547e-01, 4.226432821797683e-01
3.558321273516643e-01, 4.046351393673661e-01
5.426917510853835e-01, 1.896335734419042e-01
3.090014471780029e-01, 2.597870341371751e-01
9.082489146164978e-01, 8.604760413404322e-01
8.492040520984081e-01, 2.333228938302537e-01
7.078437047756874e-01, 2.970560601315377e-01
4.336903039073806e-01, 3.295490134669590e-01
4.641968162083936e-01, 4.036172878170999e-01
8.563241678726483e-01, 2.878953961791419e-01
7.220260492040521e-01, 3.101315377388036e-01
6.911143270622286e-01, 5.455684309426871e-01
3.454703328509406e-01, 2.297212652677733e-01
8.500144717800290e-01, 2.920450986533041e-01
8.469464544138929e-01, 1.951926088318196e-01
7.733140376266281e-01, 1.176792984653930e-01
6.742691751085383e-01, 1.923739430003132e-01
8.804630969609262e-01, 2.322267460068901e-01
4.130824891461650e-01, 3.490447854682117e-01
6.119247467438494e-01, 1.511118070779831e-01
8.772793053545586e-01, 3.873316630128406e-01
2.459623733719248e-01, 1.191669276542437e-01
4.878147612156295e-01, 1.316943313498277e-01
8.032416787264833e-01, 3.434857500782963e-01
8.116931982633864e-01, 1.991857187597870e-01
8.723589001447178e-01, 3.788756655183213e-01
8.118668596237337e-01, 3.776229251487629e-01
5.252677279305354e-01, 3.122455371124335e-01
4.155137481910275e-01, 1.504854368932039e-01
8.097829232995658e-01, 3.374569370497965e-01
4.927351664254703e-01, 3.315064202943940e-01
3.979739507959479e-01, 4.104290635765738e-01
7.723878437047756e-01, 5.728155339805825e-01
8.420839363241679e-01, 5.371907297212652e-01
5.175108538350217e-01, 4.328217976824303e-01
4.820839363241678e-01, 3.269652364547447e-01
8.012735166425470e-01, 1.847009082367679e-01
8.374529667149060e-01, 2.079549013466959e-01
7.205209840810419e-01, 2.932978390228625e-01
2.522141823444284e-01, 1.273880363294707e-01
2.589290882778582e-01, 1.151738177262762e-01
5.841968162083936e-01, 3.118540557469465e-01
8.890303907380608e-01, 3.773097400563733e-01
8.306222865412446e-01, 3.618853742561854e-01
8.752532561505065e-01, 2.518008142812402e-01
7.797973950795948e-01, 3.466958972752897e-01
7.901013024602026e-01, 3.398058252427185e-01
3.234153400868307e-01, 1.746789852803007e-01
3.592474674384949e-01, 3.319761979329784e-01
3.315774240231548e-01, 3.227372377074851e-01
4.027206946454414e-01, 1.310679611650485e-01
2.673806078147612e-01, 3.634512997181334e-01
2.460781476121563e-01, 3.680707798308800e-01
4.155716353111433e-01, 5.158941434387723e-01
7.223154848046309e-01, 1.522079549013467e-01
5.199421128798842e-01, 1.638740995928594e-01
4.257018813314037e-01, 2.892264328217977e-01
4.553979739507960e-01, 2.922799874725963e-01
3.138639652677279e-01, 2.200908236767930e-01
8.934298118668597e-01, 3.218759787034137e-01
5.501013024602026e-01, 1.900250548073912e-01
5.483068017366136e-01, 1.491544002505481e-01
3.178581765557164e-01, 2.019260883181961e-01
3.138060781476121e-01, 2.054494206075791e-01
3.336613603473227e-01, 3.672878170999060e-01
7.307670043415340e-01, 1.544002505480739e-01
8.078147612156296e-01, 3.917945505793924e-01
2.306801736613603e-01, 3.455214531788287e-01
4.255861070911722e-01, 1.500156592546195e-01
4.684225759768452e-01, 3.450516755402443e-01
5.295513748191027e-01, 4.126996554963984e-01
5.695513748191028e-01, 3.174130911368619e-01
5.879594790159189e-01, 3.171782023175697e-01
8.535455861070912e-01, 2.507046664578766e-01
8.764109985528220e-01, 2.712182900093956e-01
8.570188133140376e-01, 2.693391794550579e-01
3.662518089725036e-01, 2.778734732226746e-01
3.738350217076700e-01, 2.759160663952396e-01
6.801157742402315e-01, 1.832132790479173e-01
8.841678726483357e-01, 4.179455057939242e-01
3.187264833574530e-01, 4.985906670842468e-01
2.670911722141823e-01, 1.316943313498277e-01
4.034153400868307e-01, 5.140933291575321e-01
4.116353111432706e-01, 5.192608831819605e-01
9.090014471780029e-01, 5.200438459129345e-01
3.056439942112880e-01, 4.978860006263702e-01
3.731403762662808e-01, 2.948637644848105e-01
6.199131693198263e-01, 3.272784215471344e-01
9.292040520984081e-01, 4.417475728155340e-01
8.246020260492041e-01, 2.081114938928907e-01
6.204920405209841e-01, 3.033197619793298e-01
8.292329956584660e-01, 2.458502975258378e-01
6.061939218523879e-01, 1.310679611650485e-01
3.363241678726483e-01, 3.196053867835891e-01
5.251519536903039e-01, 1.487629188850611e-01
4.236179450072359e-01, 4.238177262762293e-01
4.316063675832127e-01, 4.042436580018791e-01
4.277279305354559e-01, 4.072189163795804e-01
8.964399421128799e-01, 4.260100219229564e-01
6.038205499276411e-01, 2.639367366113373e-01
2.843415340086831e-01, 2.992483557782650e-01
6.504775687409552e-01, 3.446601941747573e-01
5.512590448625181e-01, 3.261039774506733e-01
8.222865412445731e-01, 1.089884121515816e-01
7.015918958031838e-01, 1.752270591919824e-01
4.919826338639653e-01, 1.790635765737551e-01
4.046888567293777e-01, 3.867835891011588e-01
6.612445730824892e-01, 1.708424678985280e-01
3.755137481910275e-01, 1.676323207015346e-01
3.900434153400869e-01, 1.684935797056060e-01
3.386396526772793e-01, 4.238177262762293e-01
3.252677279305354e-01, 1.535389915440025e-01
2.406946454413893e-01, 5.401659880989665e-01
8.127930535455861e-01, 3.582837456937050e-01
3.226049204052098e-01, 1.349044785468212e-01
5.697829232995658e-01, 1.678672095208268e-01
7.050072358900145e-01, 3.380833072345756e-01
6.801736613603473e-01, 1.290322580645161e-01
3.720984081041968e-01, 4.033041027247103e-01
3.693198263386396e-01, 4.214688380833073e-01
9.280463096960926e-01, 4.319605386783589e-01
2.775687409551375e-01, 3.849827748199185e-01
2.353690303907381e-01, 3.642342624491074e-01
9.641678726483357e-01, 5.091606639523959e-01
8.004052098408104e-01, 4.780770435327278e-01
8.054413892908828e-01, 4.768243031631694e-01
8.914616497829233e-01, 3.244597557156280e-01
6.215340086830680e-01, 2.603351080488569e-01
6.118668596237338e-01, 2.651894769808957e-01
8.142981186685962e-01, 1.669276542436580e-01
8.350217076700435e-01, 1.853272784215471e-01
8.424312590448625e-01, 1.700595051675540e-01
7.274095513748191e-01, 1.928437206388976e-01
7.047756874095513e-01, 3.809113686188537e-01
8.311432706222865e-01, 3.203100532414657e-01
3.407814761215630e-01, 2.481991857187598e-01
6.912301013024602e-01, 4.342311305981835e-01
6.767583212735166e-01, 4.336830566865017e-01
6.922141823444283e-01, 2.276855621672408e-01
5.917221418234443e-01, 2.673034763545255e-01
5.131693198263386e-01, 5.533197619793297e-01
5.150217076700434e-01, 5.743031631694331e-01
8.808683068017367e-01, 3.606326338866270e-01
5.066280752532561e-01, 1.597243971186972e-01
7.882489146164978e-01, 3.201534606952709e-01
2.405788712011577e-01, 1.412464766677106e-01
8.874674384949349e-01, 2.571249608518634e-01
5.160057887120115e-01, 2.710616974632007e-01
4.761215629522431e-01, 1.140776699029126e-01
4.053835021707670e-01, 1.483714375195741e-01
4.133140376266281e-01, 1.322424052615095e-01
4.358321273516643e-01, 1.307547760726590e-01
5.832706222865413e-01, 2.929063576573755e-01
5.071490593342981e-01, 4.577983088005011e-01
5.047178002894356e-01, 3.138897588474789e-01
9.011287988422576e-01, 5.372690259943627e-01
5.254413892908828e-01, 4.715001565925462e-01
5.275832127351664e-01, 3.311149389289070e-01
6.521562952243126e-01, 3.678358910115879e-01
6.562083936324168e-01, 3.896805512057626e-01
5.395079594790159e-01, 1.699029126213592e-01
5.749927641099856e-01, 2.308957093642343e-01
4.570767004341534e-01, 1.497024741622299e-01
4.468885672937771e-01, 1.920607579079236e-01
4.474674384949349e-01, 1.714688380833072e-01
7.898118668596237e-01, 1.850140933291575e-01
8.654124457308249e-01, 1.918258690886314e-01
8.153979739507959e-01, 2.157062323833386e-01
8.398263386396527e-01, 3.210930159724397e-01
3.165846599131693e-01, 1.840745380519887e-01
3.142112879884226e-01, 1.852489821484497e-01
9.050651230101302e-01, 4.429220169119950e-01
9.140955137481910e-01, 4.391637958033198e-01
7.813603473227207e-01, 1.191669276542437e-01
8.985817655571635e-01, 4.047134356404635e-01
9.507959479015919e-01, 6.032727842154714e-01
6.342112879884225e-01, 1.531475101785155e-01
6.350795947901592e-01, 1.385061071093016e-01
6.525615050651230e-01, 1.897118697150016e-01
8.295224312590449e-01, 3.395709364234262e-01
7.109696092619392e-01, 1.521296586282493e-01
7.221418234442837e-01, 1.928437206388976e-01
2.904196816208394e-01, 1.714688380833072e-01
8.520405209840810e-01, 3.287660507359850e-01
7.226628075253256e-01, 3.299404948324460e-01
7.510853835021708e-01, 1.568274350140933e-01
4.793053545586107e-01, 1.327904791731914e-01
8.852098408104196e-01, 3.874099592859380e-01
6.396526772793053e-01, 1.681803946132164e-01
3.223733719247467e-01, 1.934700908236768e-01
3.480173661360347e-01, 1.683369871594112e-01
7.097539797395079e-01, 1.890854995302224e-01
3.167583212735167e-01, 2.948637644848105e-01
8.300434153400869e-01, 3.813028499843407e-01
9.178581765557163e-01, 3.049639837143752e-01
2.539507959479016e-01, 3.648606326338866e-01
9.550795947901591e-01, 4.908393360476042e-01
3.619681620839363e-01, 3.690886313811463e-01
3.246309696092620e-01, 3.465393047290949e-01
3.416497829232996e-01, 3.278264954588161e-01
5.671201157742403e-01, 1.489978077043533e-01
2.280752532561505e-01, 1.601158784841842e-01
5.668306801736613e-01, 2.973692452239273e-01
6.496092619392185e-01, 1.707641716254306e-01
4.143560057887120e-01, 1.857187597870341e-01
8.599131693198263e-01, 3.702630754776073e-01
9.574529667149060e-01, 7.316003758221109e-01
6.334008683068018e-01, 3.466176010021923e-01
5.964688856729378e-01, 3.435640463513936e-01
6.103039073806078e-01, 3.351080488568744e-01
6.014471780028944e-01, 3.207015346069527e-01
3.891751085383502e-01, 1.341215158158472e-01
4.601447178002894e-01, 1.847792045098653e-01
9.143270622286541e-01, 4.213122455371124e-01
9.022286541244573e-01, 3.854525524585030e-01
6.414471780028943e-01, 5.486219855934857e-01
5.955426917510854e-01, 5.074381459442531e-01
5.965846599131693e-01, 4.366583150642029e-01
4.324746743849494e-01, 6.043689320388349e-01
5.270043415340087e-01, 3.485750078296273e-01
5.278147612156295e-01, 1.294237394300031e-01
5.929956584659913e-01, 4.204509865330410e-01
8.079305354558610e-01, 4.361102411525211e-01
2.223444283646888e-01, 1.387409959285938e-01
3.024602026049204e-01, 1.884591293454431e-01
4.962662807525325e-01, 1.339649232696524e-01
9.471490593342982e-01, 4.847322267460069e-01
6.195079594790159e-01, 3.455214531788287e-01
7.852966714905933e-01, 2.997181334168493e-01
8.500144717800290e-01, 4.141872846852490e-01
7.745875542691751e-01, 4.597557156279361e-01
4.246020260492041e-01, 3.454431569057313e-01
2.376845151953690e-01, 1.619166927654244e-01
3.983791606367583e-01, 3.874882555590354e-01
6.226917510853835e-01, 3.217193861572189e-01
8.704486251808973e-01, 2.471813341684936e-01
8.547612156295225e-01, 3.647040400876918e-01
3.407235890014472e-01, 3.863921077356718e-01
6.721852387843705e-01, 1.269965549639837e-01
7.029232995658466e-01, 1.554963983714375e-01
6.192185238784370e-01, 1.498590667084247e-01
7.202894356005789e-01, 1.348261822737238e-01
3.096382054992764e-01, 1.634043219542750e-01
7.843125904486252e-01, 3.214062010648293e-01
3.389290882778582e-01, 3.448950829940495e-01
8.376266280752532e-01, 3.621202630754776e-01
8.576555716353111e-01, 1.273097400563733e-01
6.657018813314037e-01, 1.907297212652678e-01
8.289435600578872e-01, 4.167710616974632e-01
5.790448625180897e-01, 5.291262135922330e-01
5.762662807525326e-01, 3.993109927967429e-01
3.923589001447178e-01, 5.353899154400250e-01
6.501881331403763e-01, 2.121046038208581e-01
3.824023154848046e-01, 2.763858440338240e-01
4.887988422575977e-01, 3.358127153147510e-01
4.706801736613603e-01, 5.544159098026934e-01
4.361215629522431e-01, 3.838866269965550e-01
5.558900144717800e-01, 3.179611650485437e-01
7.006078147612156e-01, 1.149389289069840e-01
5.363241678726484e-01, 1.291888506107109e-01
4.171345875542692e-01, 1.122768556216724e-01
2.882199710564399e-01, 1.509552145317883e-01
3.579160636758321e-01, 3.113059818352646e-01
4.798842257597685e-01, 3.141246476667711e-01
4.609551374819102e-01, 3.106796116504854e-01
3.910274963820550e-01, 4.251487629188850e-01
6.721273516642547e-01, 2.138271218290009e-01
4.395369030390738e-01, 3.480269339179455e-01
4.400578871201158e-01, 3.315064202943940e-01
3.521273516642547e-01, 3.121672408393361e-01
5.867438494934877e-01, 4.320388349514563e-01
6.651230101302460e-01, 2.303476354525525e-01
8.696960926193922e-01, 2.316003758221109e-01
3.383502170767004e-01, 5.609145004697776e-01
7.131693198263387e-01, 1.331819605386784e-01
7.481910274963820e-01, 1.363138114625744e-01
7.606367583212735e-01, 5.604447228311933e-01
7.834442836468886e-01, 5.882398997807704e-01
7.472069464544139e-01, 5.645944253053554e-01
6.990448625180897e-01, 1.358440338239900e-01
6.542402315484804e-01, 2.319135609145005e-01
3.888856729377713e-01, 3.108362041966802e-01
5.133429811866860e-01, 1.413247729408080e-01
6.501302460202605e-01, 1.507986219855935e-01
7.403762662807525e-01, 1.942530535546508e-01
7.463965267727930e-01, 1.751487629188851e-01
2.300434153400868e-01, 1.179924835577826e-01
6.959189580318379e-01, 1.556529909176323e-01
5.606946454413892e-01, 1.982461634826182e-01
6.982923299565846e-01, 1.529126213592233e-01
6.660492040520984e-01, 5.476824303163169e-01
6.743849493487699e-01, 5.288130284998435e-01
5.550217076700434e-01, 2.929846539304729e-01
2.309117221418235e-01, 4.042436580018791e-01
2.515774240231549e-01, 1.485280300657689e-01
3.790448625180897e-01, 2.581428124021297e-01
8.687120115774241e-01, 4.085499530222361e-01
7.646888567293777e-01, 3.065299091763232e-01
3.610998552821997e-01, 2.926714688380833e-01
8.785528219971056e-01, 2.878170999060445e-01
2.069464544138929e-01, 1.579235828374569e-01
4.330535455861071e-01, 5.616974632007516e-01
2.054413892908828e-01, 3.441904165361729e-01
7.044283646888567e-01, 4.187284685248982e-01
7.161794500723589e-01, 4.198246163482618e-01
4.518089725036180e-01, 4.854368932038835e-01
4.947033285094067e-01, 4.968681490761040e-01
2.636758321273517e-01, 1.482931412464767e-01
6.731114327062229e-01, 3.907766990291262e-01
3.435600578871201e-01, 1.758534293767617e-01
3.960057887120116e-01, 1.519730660820545e-01
5.759189580318379e-01, 4.170059505167554e-01
5.954269175108539e-01, 2.981522079549013e-01
5.924167872648336e-01, 2.872690259943627e-01
4.969030390738061e-01, 1.796116504854369e-01
9.002604920405209e-01, 4.427654243658002e-01
9.174529667149059e-01, 4.023645474475415e-01
9.050651230101302e-01, 4.246789852803007e-01
5.641678726483358e-01, 5.104134043219543e-01
5.909696092619392e-01, 5.097870341371751e-01
5.844862518089725e-01, 2.326182273723771e-01
8.294066570188133e-01, 3.981365487002819e-01
7.080752532561505e-01, 6.708424678985281e-01
8.383791606367583e-01, 3.975101785155027e-01
8.551664254703328e-01, 3.891324772940808e-01
9.681620839363242e-01, 4.509082367679298e-01
3.536903039073806e-01, 1.883025367992484e-01
9.276989869753980e-01, 4.116035076730348e-01
9.146743849493487e-01, 6.176010021922956e-01
6.326483357452967e-01, 1.726432821797682e-01
8.599131693198263e-01, 4.108205449420608e-01
8.697539797395080e-01, 4.320388349514563e-01
7.982054992764110e-01, 3.189790165988099e-01
3.247467438494935e-01, 3.667397431882242e-01
4.684225759768452e-01, 5.347635452552458e-01
9.396237337192475e-01, 5.067334794863765e-01
7.149059334298119e-01, 3.185875352333229e-01
9.392764109985529e-01, 4.057312871907297e-01
4.699855282199711e-01, 1.710773567178202e-01
3.377713458755427e-01, 1.703726902599436e-01
2.492040520984081e-01, 1.666927654243658e-01
6.749059334298119e-01, 1.661446915126840e-01
4.279015918958032e-01, 1.310679611650485e-01
8.887988422575976e-01, 3.405104917005951e-01
2.841099855282200e-01, 1.994989038521766e-01
5.684515195369031e-01, 2.786564359536486e-01
5.596526772793053e-01, 1.502505480739117e-01
5.095224312590448e-01, 1.278578139680551e-01
6.638494934876989e-01, 2.086595678045725e-01
8.886251808972504e-01, 4.091763232070154e-01
5.892329956584660e-01, 5.297525837770122e-01
4.551664254703329e-01, 5.656905731287191e-01
3.899855282199711e-01, 1.142342624491074e-01
2.950506512301013e-01, 1.930003131850924e-01
3.913169319826338e-01, 4.069840275602881e-01
9.059334298118669e-01, 5.739899780770436e-01
6.064254703328510e-01, 1.616818039461322e-01
2.128509406657019e-01, 1.404635139367366e-01
6.318379160636758e-01, 5.493266520513623e-01
6.577713458755426e-01, 5.516755402442843e-01
3.735455861070912e-01, 3.463827121829001e-01
5.840810419681621e-01, 5.104917005950517e-01
3.262518089725036e-01, 3.019104290635766e-01
2.528509406657019e-01, 4.375195740682744e-01
2.789580318379161e-01, 2.596304415909803e-01
2.732272069464544e-01, 3.638427810836204e-01
6.687698986975398e-01, 3.647040400876918e-01
8.443994211287988e-01, 1.478233636078923e-01
8.061939218523878e-01, 1.570623238333855e-01
8.092619392185239e-01, 1.243344816786721e-01
9.047178002894356e-01, 4.994519260883182e-01
3.488277858176556e-01, 3.877231443783276e-01
3.782344428364689e-01, 3.289226432821798e-01
6.057308248914617e-01, 3.027716880676480e-01
5.352243125904487e-01, 5.303789539617915e-01
4.663386396526773e-01, 2.945505793924209e-01
3.781765557163531e-01, 3.679141872846852e-01
4.484515195369030e-01, 3.859223300970874e-01
5.951953690303907e-01, 1.770278734732227e-01
5.953690303907381e-01, 1.575321014719699e-01
8.307380607814762e-01, 2.799874725963044e-01
2.856150506512301e-01, 3.684622611963670e-01
2.157452966714906e-01, 3.454431569057313e-01
4.478726483357453e-01, 2.718446601941747e-01
6.290593342981187e-01, 3.463827121829001e-01
3.936903039073806e-01, 1.854838709677419e-01
7.660202604920405e-01, 1.369401816473536e-01
6.154558610709118e-01, 3.480269339179455e-01
9.292619392185238e-01, 3.912464766677106e-01
7.991895803183792e-01, 2.947071719386157e-01
4.963820549927641e-01, 4.356404635139368e-01
5.002026049204052e-01, 4.155966176010022e-01
7.624312590448625e-01, 2.869558409019731e-01
3.239363241678727e-01, 2.132007516442217e-01
8.895513748191027e-01, 5.184779204509865e-01
3.457018813314038e-01, 3.678358910115879e-01
3.504486251808973e-01, 3.496711556529909e-01
5.286251808972504e-01, 4.337613529595991e-01
5.390448625180897e-01, 4.307077983088005e-01
8.405209840810419e-01, 2.613529595991231e-01
8.695224312590448e-01, 3.592233009708738e-01
8.597973950795947e-01, 3.507673034763545e-01
5.179160636758321e-01, 4.531005324146571e-01
4.859623733719248e-01, 2.750548073911682e-01
8.033574529667149e-01, 2.963513936736611e-01
8.309117221418234e-01, 2.629188850610711e-01
8.206657018813314e-01, 2.981522079549013e-01
8.284225759768451e-01, 1.451612903225807e-01
7.847178002894356e-01, 9.213122455371124e-01
6.405788712011578e-01, 1.357657375508926e-01
1.978002894356006e-01, 1.396805512057626e-01
2.663965267727931e-01, 1.700595051675540e-01
2.196816208393632e-01, 3.649389289069840e-01
3.406657018813314e-01, 2.137488255559035e-01
3.250940665701881e-01, 2.336360789226433e-01
2.703907380607815e-01, 1.536955840901973e-01
6.420839363241678e-01, 2.471030378953962e-01
6.942402315484805e-01, 1.948011274663326e-01
6.905933429811867e-01, 1.782806138427811e-01
8.432416787264834e-01, 3.015189476980896e-01
4.688277858176556e-01, 3.859223300970874e-01
4.640810419681621e-01, 3.830253679924835e-01
8.012156295224313e-01, 5.568430942687128e-01
8.204341534008683e-01, 5.559035389915440e-01
2.180028943560058e-01, 1.637175070466646e-01
3.848914616497829e-01, 5.175383651738177e-01
7.054124457308248e-01, 4.000156592546195e-01
7.006657018813314e-01, 4.043219542749765e-01
4.628075253256150e-01, 1.305981835264641e-01
4.561505065123010e-01, 1.321641089884122e-01
2.591027496382055e-01, 4.022079549013467e-01
2.599710564399421e-01, 3.834168493579705e-01
8.472358900144717e-01, 3.828687754462888e-01
7.935745296671490e-01, 4.346226119636705e-01
3.546743849493488e-01, 1.477450673347949e-01
3.510853835021708e-01, 1.505637331663013e-01
3.637047756874096e-01, 2.105386783589101e-01
3.517800289435600e-01, 2.095208268086439e-01
3.551953690303907e-01, 2.066238647040401e-01
5.886541244573082e-01, 1.715471343564046e-01
1.994211287988422e-01, 1.625430629502036e-01
8.142402315484805e-01, 2.360632633886627e-01
8.261649782923299e-01, 2.273723770748513e-01
6.689435600578871e-01, 7.626839962417788e-01
6.612445730824892e-01, 7.682430316316944e-01
8.429522431259044e-01, 8.836517381772627e-01
8.634442836468885e-01, 8.829470717193861e-01
7.422865412445731e-01, 8.460695270905105e-01
7.576845151953691e-01, 6.468055120576260e-01
3.890593342981187e-01, 7.042749765111180e-01
6.164978292329957e-01, 7.435797056060132e-01
6.996237337192475e-01, 7.374725963044159e-01
8.473516642547033e-01, 5.732853116191670e-01
9.472648335745296e-01, 7.365330410272471e-01
9.468596237337192e-01, 7.563419981208894e-01
7.759189580318380e-01, 7.261979329783902e-01
3.851230101302460e-01, 8.236767929846539e-01
1.618523878437048e-01, 6.849357970560601e-01
2.626917510853835e-01, 9.401816473535860e-01
6.026628075253256e-01, 6.454744754149703e-01
1.712301013024602e-01, 7.859379893517069e-01
3.650361794500724e-01, 8.599279674287504e-01
8.141244573082489e-01, 8.217976824303164e-01
4.633285094066570e-01, 9.341528343250861e-01
7.366714905933430e-01, 8.064516129032258e-01
7.568740955137482e-01, 8.084873160037582e-01
3.370767004341534e-01, 8.604760413404322e-01
3.430390738060781e-01, 8.804415909802693e-01
3.320984081041968e-01, 9.132477294080802e-01
4.930824891461650e-01, 7.061540870654557e-01
2.484515195369030e-01, 6.731913560914501e-01
5.885962373371925e-01, 8.564046351393674e-01
8.136034732272069e-01, 7.232226746006890e-01
6.219971056439942e-01, 2.818665831506420e-01
8.854992764109986e-01, 8.819292201691199e-01
8.758321273516643e-01, 8.847478860006264e-01
5.479594790159189e-01, 9.373629815220795e-01
4.354848046309696e-01, 9.109771374882556e-01
6.210130246020260e-01, 8.364390854995303e-01
5.866280752532561e-01, 7.318352646414030e-01
8.918668596237337e-01, 9.580331976197933e-01
8.708538350217077e-01, 9.012683996241779e-01
8.839942112879884e-01, 9.217037269025994e-01
5.307670043415340e-01, 9.729094895082994e-01
3.438494934876990e-01, 9.542749765111180e-01
3.674095513748191e-01, 9.859849671155653e-01
5.069175108538351e-01, 8.136548700281867e-01
8.453835021707670e-01, 6.907297212652678e-01
9.041968162083936e-01, 7.260413404321955e-01
8.932561505065123e-01, 8.248512370811150e-01
6.775687409551375e-01, 8.628249295333542e-01
8.243704775687409e-01, 6.995772001252740e-01
8.408104196816208e-01, 6.524428437206389e-01
9.270622286541245e-01, 7.843720638897589e-01
3.080752532561505e-01, 8.983714375195740e-01
6.861939218523878e-01, 9.048700281866583e-01
2.535455861070912e-01, 8.214062010648293e-01
2.588712011577424e-01, 8.008925775133103e-01
7.096960926193921e-01, 9.613216410898842e-01
5.729667149059334e-01, 7.110084559974945e-01
7.075542691751086e-01, 9.426871280927028e-01
3.725615050651230e-01, 8.247729408080176e-01
3.932272069464544e-01, 7.247886000626370e-01
5.558900144717800e-01, 6.544002505480739e-01
5.109696092619392e-01, 9.113686188537425e-01
3.493487698986976e-01, 8.200751644221735e-01
4.934876989869754e-01, 8.736298152207955e-01
6.317800289435601e-01, 9.471500156592546e-01
4.937771345875543e-01, 8.937519574068274e-01
3.378292329956585e-01, 8.004227998747260e-01
2.619392185238784e-01, 7.195427497651112e-01
2.456150506512301e-01, 7.004384591293454e-01
6.164978292329957e-01, 9.668023802067022e-01
2.348480463096961e-01, 6.608988412151582e-01
2.676121562952243e-01, 7.219699342311307e-01
2.505354558610709e-01, 6.200281866583151e-01
2.402315484804631e-01, 8.816160350767304e-01
2.421418234442836e-01, 9.019730660820545e-01
2.288856729377713e-01, 6.638740995928594e-01
2.394790159189580e-01, 7.637018477920451e-01
2.371635311143271e-01, 7.425618540557469e-01
2.356584659913169e-01, 8.637644848105230e-01
6.730535455861071e-01, 8.191356091450047e-01
2.639652677279306e-01, 8.042593172564986e-01
2.211866859623734e-01, 7.412308174130912e-01
7.886541244573082e-01, 7.871124334481678e-01
2.448625180897250e-01, 7.648762918885061e-01
4.284225759768451e-01, 7.954901346695897e-01
4.186975397973951e-01, 7.652677732539931e-01
8.948769898697539e-01, 8.051205762605700e-01
9.243415340086830e-01, 6.475101785155026e-01
7.153690303907381e-01, 9.800344503601629e-01
5.609261939218524e-01, 6.730347635452553e-01
7.824023154848047e-01, 8.649389289069840e-01
9.043125904486252e-01, 6.872063889758847e-01
9.205788712011578e-01, 6.649702474162230e-01
5.735455861070912e-01, 8.666614469151268e-01
8.251230101302460e-01, 8.238333855308487e-01
5.986685962373371e-01, 9.004071406201065e-01
4.939507959479016e-01, 7.842154713435641e-01
6.609551374819103e-01, 8.031631694331350e-01
3.467438494934877e-01, 9.760413404321955e-01
2.687698986975398e-01, 7.819448794237395e-01
2.509985528219971e-01, 7.598653304102725e-01
2.427206946454414e-01, 7.432665205136235e-01
2.849782923299566e-01, 8.027716880676480e-01
2.934876989869754e-01, 7.827278421547135e-01
2.778002894356006e-01, 8.213279047917319e-01
2.819681620839363e-01, 7.766990291262136e-01
2.672648335745297e-01, 7.614312558722205e-01
2.758321273516642e-01, 7.599436266833699e-01
2.828943560057887e-01, 7.389602254932666e-01
3.415918958031838e-01, 9.211556529909176e-01
3.518958031837916e-01, 9.738490447854682e-01
3.691461649782923e-01, 9.388506107109301e-01
7.095224312590449e-01, 9.066708424678985e-01
2.535455861070912e-01, 6.570623238333855e-01
2.419681620839363e-01, 6.563576573755089e-01
2.711432706222865e-01, 8.012840588787974e-01
2.798263386396527e-01, 7.929063576573755e-01
2.680752532561505e-01, 8.172564985906671e-01
7.111432706222865e-01, 8.867052928280614e-01
6.993342981186687e-01, 7.919668023802067e-01
3.295513748191027e-01, 8.630598183526464e-01
4.223444283646889e-01, 7.586908863138114e-01
2.912301013024602e-01, 8.642342624491074e-01
9.011287988422576e-01, 8.044159098026934e-01
2.426628075253256e-01, 8.608675227059192e-01
4.114037626628075e-01, 7.156279361102411e-01
5.819392185238784e-01, 8.758221108675227e-01
8.032995658465991e-01, 8.877231443783276e-01
7.885383502170767e-01, 8.701847792045099e-01
6.581765557163531e-01, 7.844503601628563e-01
4.680173661360347e-01, 6.830566865017225e-01
5.612735166425470e-01, 6.511118070779831e-01
4.213024602026049e-01, 7.380206702160977e-01
9.125325615050651e-01, 8.023802067021609e-01
8.137192474674385e-01, 8.016755402442843e-01
2.727641099855282e-01, 7.399780770435327e-01
2.501881331403762e-01, 7.823363607892264e-01
3.588422575976845e-01, 9.351706858753523e-01
2.632706222865412e-01, 7.417788913247729e-01
2.578292329956585e-01, 7.628405887879737e-01
6.425470332850941e-01, 9.677419354838710e-01
5.784659913169320e-01, 6.683369871594113e-01
3.709985528219971e-01, 7.802223614155966e-01
3.531693198263386e-01, 7.983870967741935e-01
8.368740955137481e-01, 6.717820231756968e-01
7.206367583212735e-01, 8.876448481052301e-01
5.004920405209841e-01, 8.354212339492640e-01
5.973371924746744e-01, 8.738647040400876e-01
9.305354558610709e-01, 6.809426871280927e-01
2.618813314037627e-01, 6.382712182900094e-01
5.287988422575977e-01, 9.102724710303790e-01
4.030680173661360e-01, 7.431099279674287e-01
6.844573082489146e-01, 8.062167240839336e-01
5.096382054992764e-01, 8.712809270278735e-01
6.477568740955137e-01, 6.804729094895083e-01
4.863096960926194e-01, 6.652834325086125e-01
7.149638205499277e-01, 6.713905418102099e-01
9.094066570188133e-01, 7.429533354212340e-01
6.111722141823445e-01, 9.237394300031319e-01
5.054124457308249e-01, 8.542906357657376e-01
6.636179450072359e-01, 6.971500156592546e-01
3.636468885672938e-01, 8.183526464140307e-01
6.225759768451520e-01, 9.653147510178516e-01
5.641099855282200e-01, 7.120263075477608e-01
7.384081041968162e-01, 7.274506733479487e-01
6.679015918958032e-01, 7.972909489508300e-01
5.790448625180897e-01, 7.968994675853429e-01
5.716353111432706e-01, 7.738020670216098e-01
6.852098408104197e-01, 8.851393673661134e-01
8.295803183791607e-01, 8.202317569683683e-01
2.725325615050651e-01, 6.576886940181648e-01
5.873227206946454e-01, 7.065455684309427e-01
1.386975397973951e-01, 7.438928906984028e-01
9.177424023154848e-01, 7.430316316943314e-01
9.253835021707670e-01, 7.379423739430003e-01
5.667149059334298e-01, 6.690416536172878e-01
4.918668596237337e-01, 8.375352333228938e-01
8.296960926193921e-01, 6.952709051049170e-01
6.685383502170767e-01, 6.979329783902286e-01
2.758900144717800e-01, 8.663482618227373e-01
5.055861070911722e-01, 7.562637018477920e-01
6.569609261939219e-01, 6.532258064516129e-01
6.779739507959479e-01, 8.844347009082367e-01
7.874963820549927e-01, 9.607735671782023e-01
7.946164978292330e-01, 9.797995615408707e-01
8.026049204052098e-01, 9.880206702160977e-01
8.607235890014472e-01, 6.689633573441904e-01
4.650072358900145e-01, 9.390072032571249e-01
7.482489146164978e-01, 7.306608205449421e-01
7.766136034732272e-01, 6.482148449733792e-01
3.286830680173661e-01, 7.427967428750392e-01
6.959189580318379e-01, 8.038678358910116e-01
6.967293777134588e-01, 7.777951769495772e-01
7.074963820549928e-01, 7.878170999060444e-01
7.225470332850941e-01, 8.068430942687128e-01
7.190738060781476e-01, 8.257124960851864e-01
7.084804630969609e-01, 8.091136861885374e-01
7.212156295224312e-01, 7.904791731913561e-01
7.205788712011577e-01, 7.726276229251487e-01
7.123010130246020e-01, 7.330880050109615e-01
7.182633863965268e-01, 7.510178515502662e-01
6.982344428364688e-01, 7.574381459442531e-01
7.090593342981186e-01, 7.640150328844347e-01
3.697250361794501e-01, 9.648449733792671e-01
3.410130246020260e-01, 9.034606952709051e-01
3.295513748191027e-01, 8.887409959285938e-01
3.602315484804631e-01, 9.733792671468838e-01
2.630390738060782e-01, 6.990291262135923e-01
4.130246020260492e-01, 7.411525211399937e-01
2.598552821997105e-01, 7.826495458816161e-01
3.521273516642547e-01, 9.542749765111180e-01
7.007814761215629e-01, 9.027560288130285e-01
8.981186685962373e-01, 9.553711243344817e-01
8.226917510853835e-01, 8.635295959912308e-01
9.350506512301013e-01, 7.800657688694018e-01
8.768162083936324e-01, 9.033041027247103e-01
6.208972503617946e-01, 9.254619480112747e-01
6.534298118668597e-01, 9.455057939242092e-01
8.104775687409551e-01, 8.626683369871594e-01
4.310274963820550e-01, 7.592389602254933e-01
5.345875542691751e-01, 9.715001565925462e-01
3.912590448625181e-01, 6.865017225180081e-01
5.186107091172214e-01, 9.163795803319762e-01
5.894066570188133e-01, 6.694331349827748e-01
5.383502170767004e-01, 9.327435014093329e-01
5.786396526772793e-01, 7.077983088005011e-01
8.992185238784370e-01, 8.233636078922644e-01
8.152821997105644e-01, 8.446601941747572e-01
9.144428364688857e-01, 8.572658941434388e-01
6.321273516642547e-01, 9.657062323833385e-01
9.105065123010130e-01, 7.225180081428124e-01
9.200000000000000e-01, 7.212652677732539e-01
9.074384949348769e-01, 9.397118697150015e-01
7.043704775687409e-01, 8.787973692452239e-01
6.530824891461650e-01, 7.450673347948638e-01
2.519247467438495e-01, 6.890072032571249e-01
5.007814761215630e-01, 7.763075477607266e-01
8.341534008683068e-01, 6.544785468211713e-01
6.182344428364689e-01, 9.466019417475728e-01
9.172214182344428e-01, 8.201534606952710e-01
7.363820549927641e-01, 7.873473222674601e-01
7.307670043415340e-01, 7.283902286251175e-01
8.163820549927641e-01, 7.288600062637018e-01
4.073516642547033e-01, 8.578139680551206e-01
3.938639652677279e-01, 8.205449420607579e-01
8.868885672937772e-01, 9.029909176323208e-01
8.261649782923299e-01, 6.646570623238334e-01
5.751664254703328e-01, 7.515659254619480e-01
9.296671490593343e-01, 6.364704040087692e-01
3.162952243125904e-01, 9.073755089257751e-01
9.267149059334299e-01, 6.602724710303790e-01
6.812156295224313e-01, 8.271218290009396e-01
3.439073806078148e-01, 8.014406514249922e-01
2.862518089725036e-01, 8.663482618227373e-01
9.395658465991317e-01, 6.973849044785468e-01
5.970477568740955e-01, 7.244754149702474e-01
6.365846599131694e-01, 9.445662386470404e-01
5.734298118668596e-01, 8.404321954274977e-01
8.898408104196817e-01, 9.211556529909176e-01
8.081620839363242e-01, 7.882868775446289e-01
4.432416787264833e-01, 9.514563106796117e-01
2.406367583212735e-01, 8.427810836204197e-01
2.507091172214183e-01, 8.648606326338866e-01
2.554558610709117e-01, 8.806764797995615e-01
2.454992764109986e-01, 8.848261822737238e-01
3.978581765557164e-01, 7.210303789539618e-01
1.337192474674385e-01, 7.632320701534607e-01
4.293487698986975e-01, 7.792045098653304e-01
2.983502170767005e-01, 9.393203883495146e-01
3.189001447178003e-01, 6.428906984027560e-01
2.475832127351664e-01, 6.435953648606326e-01
3.035021707670044e-01, 7.613529595991231e-01
1.451808972503618e-01, 6.239430003131851e-01
3.198842257597684e-01, 7.594738490447854e-01
8.273806078147612e-01, 7.187597870341371e-01
8.490882778581765e-01, 7.865643595364861e-01
6.981186685962374e-01, 8.592233009708737e-01
2.701591895803184e-01, 6.961321641089884e-01
6.301013024602026e-01, 9.244440964610084e-01
8.582344428364689e-01, 6.527560288130285e-01
5.330246020260492e-01, 9.529439398684623e-01
3.727351664254703e-01, 6.796899467585343e-01
5.770767004341534e-01, 6.869715001565926e-01
4.900144717800289e-01, 7.534450360162857e-01
8.292908827785818e-01, 7.849984340745381e-01
8.185238784370478e-01, 7.702004384591293e-01
7.206946454413893e-01, 9.733009708737864e-01
6.222865412445731e-01, 8.861572189163796e-01
8.512301013024602e-01, 7.219699342311307e-01
8.506512301013025e-01, 7.084246789852803e-01
5.002026049204052e-01, 8.951612903225806e-01
5.154848046309696e-01, 8.970404008769183e-01
5.100434153400868e-01, 8.907766990291263e-01
4.584659913169320e-01, 6.673974318822424e-01
7.536903039073806e-01, 7.279987472596304e-01
2.593921852387844e-01, 6.755402442843721e-01
9.088277858176556e-01, 8.410585656122769e-01
3.788133140376266e-01, 9.366583150642029e-01
4.191606367583213e-01, 9.170059505167554e-01
7.922431259044862e-01, 9.499686814907611e-01
3.560636758321273e-01, 6.818039461321641e-01
2.695224312590448e-01, 6.774193548387096e-01
5.523010130246020e-01, 9.308643908549953e-01
4.332850940665702e-01, 7.182117131224554e-01
5.835021707670044e-01, 7.933761352959600e-01
4.257018813314037e-01, 9.533354212339492e-01
4.069464544138929e-01, 7.247886000626370e-01
4.999710564399421e-01, 8.772314437832759e-01
8.061939218523878e-01, 7.251017851550267e-01
8.021418234442836e-01, 8.668180394613216e-01
4.969609261939218e-01, 8.565612276855622e-01
4.911722141823444e-01, 7.720795490134670e-01
3.110274963820550e-01, 8.411368618853743e-01
3.266570188133140e-01, 8.416849357970561e-01
9.020549927641099e-01, 9.188850610710930e-01
5.836758321273516e-01, 8.387096774193549e-01
4.404052098408104e-01, 7.385687441277795e-01
3.871490593342981e-01, 8.423113059818352e-01
3.740086830680174e-01, 8.800501096147824e-01
8.464833574529668e-01, 6.533041027247103e-01
8.513458755426917e-01, 6.886157218916380e-01
2.720115774240232e-01, 7.179768243031631e-01
3.770767004341534e-01, 8.985280300657689e-01
7.938639652677280e-01, 8.676792984653930e-01
2.827206946454414e-01, 6.424992170372690e-01
8.192185238784371e-01, 9.268712809270279e-01
4.566714905933430e-01, 6.896335734419041e-01
8.380318379160637e-01, 8.239116818039461e-01
8.404630969609262e-01, 8.086439085499530e-01
7.976266280752533e-01, 9.240526150955215e-01
5.441968162083937e-01, 9.908393360476041e-01
8.082778581765557e-01, 9.455840901973066e-01
5.105065123010131e-01, 7.370811149389289e-01
9.179739507959479e-01, 7.026307547760726e-01
9.204630969609262e-01, 6.843877231443783e-01
6.536034732272069e-01, 6.807860945818979e-01
8.902460202604920e-01, 8.854525524585030e-01
5.764399421128799e-01, 7.714531788286878e-01
5.696092619392186e-01, 6.884591293454432e-01
6.967872648335746e-01, 8.406670842467898e-01
4.806946454413893e-01, 6.990291262135923e-01
7.986685962373372e-01, 9.671938615721891e-01
4.235021707670044e-01, 9.716567491387410e-01
4.181765557163531e-01, 9.375978703413718e-01
6.907670043415340e-01, 8.226589414343877e-01
8.938929088277858e-01, 9.376761666144692e-01
6.759479015918958e-01, 6.940181647353586e-01
9.353979739507959e-01, 6.639523958659568e-01
4.474095513748191e-01, 9.658628249295333e-01
3.483646888567294e-01, 7.601002192295647e-01
8.089146164978293e-01, 6.847792045098653e-01
7.164109985528220e-01, 9.419041653617288e-01
8.002894356005789e-01, 9.441747572815534e-01
8.278437047756874e-01, 9.496554963983714e-01
8.372793053545586e-01, 6.956623864704040e-01
6.042836468885673e-01, 7.568117757594739e-01
5.573371924746744e-01, 9.714218603194488e-01
4.983502170767004e-01, 6.849357970560601e-01
7.899855282199710e-01, 9.282806138427810e-01
1.466859623733719e-01, 8.064516129032258e-01
6.002894356005789e-01, 6.622298778578140e-01
5.103907380607815e-01, 6.381929220169120e-01
7.495224312590448e-01, 9.235045411838396e-01
1.861649782923299e-01, 7.866426558095835e-01
4.670911722141823e-01, 6.630911368618854e-01
5.463965267727930e-01, 8.314281240212966e-01
4.002894356005789e-01, 7.018477920450986e-01
9.285094066570189e-01, 6.998903852176637e-01
6.921562952243125e-01, 8.635295959912308e-01
8.250651230101302e-01, 8.438772314437832e-01
7.148480463096961e-01, 8.462261196367052e-01
6.498986975397973e-01, 9.249138740995929e-01
6.164399421128799e-01, 8.474005637331663e-01
5.293198263386396e-01, 6.352176636392107e-01
5.193053545586107e-01, 7.345756341998121e-01
3.525904486251809e-01, 9.187284685248982e-01
2.598552821997105e-01, 8.312715314751018e-01
3.483646888567294e-01, 6.842311305981835e-01
4.537771345875543e-01, 6.697463200751644e-01
4.938350217076700e-01, 7.278421547134356e-01
3.504486251808973e-01, 6.614469151268400e-01
7.863965267727930e-01, 7.338709677419355e-01
6.043994211287989e-01, 7.418571875978703e-01
5.914905933429812e-01, 7.937676166614469e-01
7.469175108538351e-01, 7.081114938928907e-01
3.560057887120116e-01, 6.626213592233010e-01
6.942981186685963e-01, 7.152364547447542e-01
6.881620839363242e-01, 7.189163795803319e-01
6.727641099855283e-01, 6.549483244597557e-01
5.190159189580318e-01, 8.751174444096461e-01
3.601157742402316e-01, 7.797525837770122e-01
7.195369030390738e-01, 7.129658628249296e-01
7.112590448625181e-01, 7.088944566238647e-01
2.632706222865412e-01, 6.576103977450674e-01
5.444862518089725e-01, 9.722831193235202e-01
7.260202604920405e-01, 7.301910429063576e-01
7.987264833574530e-01, 7.290948950829941e-01
4.353111432706223e-01, 9.668023802067022e-01
9.086541244573082e-01, 8.227372377074851e-01
6.922141823444283e-01, 9.045568430942688e-01
2.517510853835022e-01, 7.402129658628249e-01
5.901013024602026e-01, 7.284685248982149e-01
9.394500723589001e-01, 6.525211399937363e-01
5.035600578871201e-01, 7.405261509552146e-01
8.434153400868307e-01, 7.128092702787348e-01
5.150217076700434e-01, 9.532571249608519e-01
6.761215629522431e-01, 8.067647979956154e-01
8.089725036179450e-01, 8.834168493579706e-01
5.050651230101303e-01, 7.026307547760726e-01
5.898118668596237e-01, 8.759787034137175e-01
9.253835021707670e-01, 7.623708111493893e-01
9.314037626628076e-01, 7.579862198559348e-01
9.392185238784371e-01, 7.606482931412465e-01
9.104486251808972e-01, 6.879110554337613e-01
7.192474674384949e-01, 9.067491387409959e-01
7.281041968162084e-01, 9.058095834638271e-01
2.706801736613603e-01, 8.658784841841528e-01
6.696382054992764e-01, 7.821014719699342e-01
2.919247467438495e-01, 6.994989038521766e-01
8.402894356005789e-01, 7.326182273723770e-01
5.862807525325615e-01, 7.715314751017851e-01
4.679015918958032e-01, 6.995772001252740e-01
6.044573082489146e-01, 8.545255245850297e-01
8.191027496382055e-01, 6.818822424052615e-01
8.425470332850941e-01, 7.465549639837143e-01
3.245730824891462e-01, 9.069057312871908e-01
3.089435600578871e-01, 8.665048543689320e-01
3.208683068017366e-01, 8.880363294707172e-01
5.102749638205499e-01, 7.928280613842781e-01
2.391895803183792e-01, 9.217820231756968e-01
6.037626628075253e-01, 8.963357344190417e-01
6.020839363241679e-01, 9.853585969307861e-01
2.761794500723589e-01, 8.857657375508926e-01
2.680173661360347e-01, 8.447384904478547e-01
2.779160636758321e-01, 9.189633573441904e-01
2.494356005788712e-01, 9.022079549013466e-01
1.532272069464544e-01, 7.461634826182274e-01
1.543849493487699e-01, 7.664422173504541e-01
1.968740955137482e-01, 7.673817726276230e-01
1.956005788712012e-01, 7.467115565299092e-01
3.318668596237337e-01, 6.410115878484184e-01
6.134876989869754e-01, 7.636235515189477e-01
3.879594790159190e-01, 9.956937049796429e-01
5.275253256150506e-01, 8.495145631067961e-01
7.824023154848047e-01, 7.051362355151894e-01
7.830390738060782e-01, 6.464140306921391e-01
7.802026049204052e-01, 6.663012840588788e-01
2.076989869753980e-01, 8.255559035389916e-01
2.060781476121563e-01, 7.864860632633887e-01
2.160926193921852e-01, 8.059035389915440e-01
1.740086830680174e-01, 8.061384278108362e-01
6.184081041968162e-01, 8.035546507986220e-01
6.327062228654124e-01, 8.238333855308487e-01
3.301881331403763e-01, 7.027873473222674e-01
3.758031837916064e-01, 9.174757281553398e-01
3.768451519536903e-01, 9.561540870654557e-01
4.421997105643994e-01, 7.768556216724084e-01
5.360926193921852e-01, 7.937676166614469e-01
4.806367583212735e-01, 9.732226746006890e-01
3.038494934876990e-01, 6.829783902286252e-01
4.704486251808973e-01, 9.536486063263389e-01
4.809840810419682e-01, 9.332915753210147e-01
4.407525325615050e-01, 7.569683683056686e-01
5.276410998552822e-01, 7.540714062010648e-01
4.462518089725036e-01, 7.360632633886627e-01
6.137771345875542e-01, 7.012997181334168e-01
5.995947901591896e-01, 6.811775759473849e-01
7.327351664254703e-01, 7.691042906357657e-01
7.425180897250362e-01, 9.608518634512997e-01
7.494645441389290e-01, 1.000000000000000e+00
7.432127351664255e-01, 9.409646100845600e-01
7.502170767004341e-01, 9.805825242718447e-01
3.071490593342981e-01, 6.629345443156905e-01
4.432416787264833e-01, 7.160977137488256e-01
5.373082489146165e-01, 7.337143751957407e-01
4.937192474674385e-01, 9.926401503288443e-01
3.092908827785817e-01, 9.375195740682744e-01
8.172503617945007e-01, 7.866426558095835e-01
6.613603473227206e-01, 6.750704666457876e-01
2.878147612156295e-01, 7.172721578452865e-01
2.809261939218524e-01, 6.829783902286252e-01
5.701302460202605e-01, 8.235984967115565e-01
6.831837916063676e-01, 8.632164108988413e-01
9.312301013024602e-01, 8.218759787034137e-01
8.078726483357453e-01, 9.655496398371437e-01
4.847467438494935e-01, 7.564985906670842e-01
2.532561505065123e-01, 7.027090510491700e-01
9.230101302460203e-01, 8.553867835891011e-01
4.464833574529667e-01, 9.372846852489821e-01
8.393053545586107e-01, 7.998747259630442e-01
3.000289435600579e-01, 8.660350767303476e-01
8.408683068017366e-01, 7.841371750704667e-01
3.651519536903039e-01, 6.839962417788913e-01
5.106801736613603e-01, 7.739586595678045e-01
2.398842257597684e-01, 6.785155026620733e-01
7.134587554269175e-01, 9.574851237081115e-01
6.644283646888567e-01, 6.540870654556843e-01
8.066570188133141e-01, 8.048073911681803e-01
5.077858176555716e-01, 6.851706858753523e-01
2.574240231548480e-01, 8.535076730347635e-01
4.261070911722142e-01, 9.123081741309114e-01
6.593921852387844e-01, 7.461634826182274e-01
2.505933429811867e-01, 8.378484184152835e-01
3.551374819102749e-01, 8.184309426871281e-01
7.288567293777135e-01, 9.729877857813968e-01
8.262228654124457e-01, 8.834951456310680e-01
9.450651230101302e-01, 7.782649545881616e-01
6.054413892908828e-01, 8.789539617914187e-01
4.233863965267728e-01, 8.961008455997495e-01
8.159189580318379e-01, 9.672721578452865e-01
2.807525325615051e-01, 7.223614155966176e-01
2.809261939218524e-01, 7.031005324146571e-01
1.716353111432706e-01, 6.245693704979643e-01
8.479884225759768e-01, 8.639210773567179e-01
8.482778581765558e-01, 8.251644221735045e-01
8.504196816208394e-01, 8.054337613529596e-01
7.734298118668597e-01, 8.267303476354525e-01
7.637047756874096e-01, 8.069213905418102e-01
7.320984081041968e-01, 8.263388662699656e-01
7.441968162083936e-01, 7.888349514563107e-01
6.137771345875542e-01, 7.835108048856875e-01
7.630101302460203e-01, 6.857970560601315e-01
8.487409551374819e-01, 9.430786094581898e-01
8.291172214182344e-01, 9.034606952709051e-01
8.419102749638205e-01, 9.232696523645475e-01
8.501302460202604e-01, 9.630441590980270e-01
5.707091172214183e-01, 9.676636392107736e-01
5.740086830680173e-01, 9.476980895709364e-01
5.648625180897250e-01, 9.277325399310993e-01
3.836758321273517e-01, 8.008142812402129e-01
3.817076700434153e-01, 7.813968055120576e-01
3.567583212735166e-01, 7.418571875978703e-01
3.704196816208394e-01, 7.615878484184153e-01
5.283936324167873e-01, 8.694018164735359e-01
5.429811866859624e-01, 8.887409959285938e-01
5.587843704775688e-01, 9.079235828374569e-01
7.315774240231548e-01, 8.659567804572502e-01
7.670622286541244e-01, 9.045568430942688e-01
7.493487698986976e-01, 8.855308487316004e-01
7.543270622286541e-01, 8.466176010021923e-01
1.842547033285094e-01, 6.637175070466645e-01
1.949059334298119e-01, 6.432821797682430e-01
2.114616497829233e-01, 6.229251487629189e-01
1.810130246020261e-01, 6.832132790479173e-01
4.481041968162084e-01, 8.950829940494832e-01
4.681910274963820e-01, 9.138740995928594e-01
4.494356005788712e-01, 8.755872220482305e-01
4.515195369030391e-01, 8.556216724083934e-01
2.942981186685962e-01, 8.017538365173817e-01
3.040810419681621e-01, 8.213279047917319e-01
3.354558610709117e-01, 8.401973066082055e-01
3.025759768451520e-01, 7.813968055120576e-01
1.905643994211288e-01, 8.650955214531788e-01
1.962373371924747e-01, 8.847478860006264e-01
1.968740955137482e-01, 9.043219542749765e-01
1.956584659913169e-01, 8.453648606326339e-01
2.029522431259045e-01, 7.029439398684623e-01
1.730824891461650e-01, 7.254149702474162e-01
2.169030390738061e-01, 7.225180081428124e-01
1.575687409551375e-01, 7.050579392420920e-01
3.823444283646888e-01, 9.761979329783902e-01
7.765557163531114e-01, 7.692608831819605e-01
4.298118668596237e-01, 9.779204509865330e-01
4.897829232995659e-01, 7.967428750391481e-01
7.168162083936325e-01, 6.875978703413718e-01
3.398552821997106e-01, 7.627622925148763e-01
7.156005788712012e-01, 7.054494206075791e-01
3.759768451519537e-01, 8.167084246789853e-01
3.992474674384949e-01, 8.381616035076730e-01
5.614471780028943e-01, 6.930786094581898e-01
8.298118668596237e-01, 7.427184466019418e-01
7.712879884225760e-01, 7.266677106169747e-01
6.674384949348769e-01, 7.426401503288443e-01
5.802604920405210e-01, 7.287034137175070e-01
5.245730824891461e-01, 8.309583463827122e-01
5.782923299565846e-01, 8.582837456937050e-01
8.173661360347323e-01, 8.841215158158472e-01
6.602026049204052e-01, 7.175853429376762e-01
3.507380607814761e-01, 7.786564359536486e-01
5.225470332850941e-01, 9.533354212339492e-01
6.791316931982634e-01, 7.855465079862198e-01
3.798552821997105e-01, 6.603507673034763e-01
3.754558610709117e-01, 6.609771374882556e-01
6.933719247467438e-01, 8.838866269965550e-01
1.716931982633864e-01, 6.645787660507360e-01
4.225759768451520e-01, 6.459442530535546e-01
4.254703328509407e-01, 6.616035076730348e-01
7.553690303907381e-01, 9.054963983714375e-01
2.652387843704775e-01, 8.614155966176010e-01
3.659044862518090e-01, 6.613686188537425e-01
5.095224312590448e-01, 8.331506420294394e-01
6.849782923299566e-01, 6.948011274663326e-01
7.758031837916064e-01, 7.456937049796429e-01
2.647178002894356e-01, 8.823989978077044e-01
4.905354558610709e-01, 6.874412777951769e-01
8.273227206946454e-01, 7.661290322580645e-01
6.880463096960926e-01, 7.616661446915127e-01
7.909117221418235e-01, 7.265111180707798e-01
3.025180897250362e-01, 9.777638584403382e-01
7.794500723589002e-01, 7.491387409959286e-01
7.315774240231548e-01, 7.492953335421234e-01
6.174240231548480e-01, 6.597243971186971e-01
4.106512301013024e-01, 6.767929846539305e-01
6.208972503617946e-01, 7.225180081428124e-01
4.616497829232996e-01, 8.163169433134982e-01
3.277568740955137e-01, 9.968681490761040e-01
3.028075253256151e-01, 9.579549013466959e-01
5.211577424023155e-01, 7.741152521139993e-01
4.107670043415340e-01, 6.969934231130598e-01
4.391895803183792e-01, 7.967428750391481e-01
5.179160636758321e-01, 6.760100219229564e-01
5.145007235890015e-01, 6.563576573755089e-01
5.209840810419681e-01, 7.147666771061697e-01
5.164109985528220e-01, 6.955057939242092e-01
6.358321273516643e-01, 8.434857500782963e-01
6.287120115774241e-01, 8.638427810836204e-01
6.334008683068018e-01, 8.838083307234575e-01
6.328219971056440e-01, 9.039304729094895e-01
8.812156295224313e-01, 7.657375508925776e-01
8.592185238784370e-01, 7.268243031631695e-01
8.795369030390738e-01, 7.854682117131224e-01
8.615340086830681e-01, 7.463200751644222e-01
8.707380607814761e-01, 7.069370497964297e-01
8.777424023154848e-01, 6.493109927967429e-01
8.608393632416788e-01, 6.880676479799561e-01
8.776845151953691e-01, 6.687284685248982e-01
6.849782923299566e-01, 9.254619480112747e-01
6.625759768451519e-01, 9.455057939242092e-01
6.672648335745297e-01, 9.651581584716568e-01
6.729377713458755e-01, 9.845756341998121e-01
8.478726483357453e-01, 8.445818979016598e-01
8.933719247467439e-01, 8.447384904478547e-01
9.001447178002895e-01, 8.801284058878798e-01
6.780897250361795e-01, 7.401346695897275e-01
6.874674384949349e-01, 6.723300970873787e-01
7.049493487698987e-01, 8.300970873786407e-01
1.564109985528220e-01, 7.866426558095835e-01
8.673806078147612e-01, 7.675383651738177e-01
2.207235890014472e-01, 9.240526150955215e-01
3.087120115774240e-01, 7.417788913247729e-01
4.032416787264834e-01, 8.973535859693078e-01
5.617366136034733e-01, 8.138114625743814e-01
9.404920405209841e-01, 7.168023802067022e-01
8.362373371924747e-01, 7.642499217037269e-01
5.941534008683068e-01, 7.748982148449733e-01
6.919826338639653e-01, 6.926088318196054e-01
2.848046309696093e-01, 7.559505167554025e-01
2.929088277858177e-01, 7.362198559348575e-01
7.319826338639652e-01, 6.861102411525212e-01
4.085094066570188e-01, 8.777012214218604e-01
7.292619392185239e-01, 6.667710616974633e-01
7.512011577424024e-01, 6.672408393360476e-01
8.566714905933430e-01, 7.665205136235516e-01
8.507670043415340e-01, 7.435014093329158e-01
5.188422575976845e-01, 8.344816786720952e-01
2.944717800289436e-01, 7.479642968994676e-01
3.688567293777135e-01, 6.599592859379894e-01
3.965267727930535e-01, 6.610554337613530e-01
3.902749638205499e-01, 6.604290635765737e-01
4.542402315484805e-01, 9.343877231443783e-01
5.877279305354559e-01, 8.164735358596931e-01
4.357742402315485e-01, 7.977607265894143e-01
4.384949348769899e-01, 7.771688067647980e-01
6.761215629522431e-01, 9.047134356404635e-01
6.454413892908828e-01, 9.474632007516443e-01
4.420839363241679e-01, 9.140306921390542e-01
4.600289435600579e-01, 9.155183213279048e-01
4.405788712011577e-01, 9.264797995615409e-01
6.494934876989870e-01, 9.497337926714688e-01
9.294934876989870e-01, 7.173504541183839e-01
9.205788712011578e-01, 8.365956780457250e-01
9.052966714905933e-01, 8.409019730660821e-01
8.243125904486251e-01, 7.260413404321955e-01
8.255861070911722e-01, 7.428750391481366e-01
8.340955137481910e-01, 8.799718133416849e-01
8.323589001447178e-01, 8.578139680551206e-01
8.380897250361794e-01, 8.733166301284059e-01
5.451808972503618e-01, 9.181803946132164e-01
6.130246020260492e-01, 9.105856561227685e-01
6.227496382054992e-01, 9.443313498277482e-01
6.214182344428365e-01, 9.058878797369245e-01
7.557163531114327e-01, 7.056060131537739e-01
3.635311143270623e-01, 8.794237394300032e-01
8.284225759768451e-01, 6.522862511744441e-01
8.310853835021708e-01, 6.212809270278735e-01
8.293487698986975e-01, 6.352176636392107e-01
8.354269175108539e-01, 6.406984027560289e-01
4.274384949348770e-01, 9.310209834011901e-01
6.834732272069465e-01, 6.727215784528656e-01
5.778871201157743e-01, 8.185875352333229e-01
3.365557163531114e-01, 8.836517381772627e-01
7.323878437047757e-01, 9.340745380519887e-01
7.285672937771346e-01, 8.850610710930160e-01
7.368451519536903e-01, 9.209990604447228e-01
9.043704775687410e-01, 9.347792045098653e-01
9.077858176555716e-01, 8.985280300657689e-01
4.010419681620839e-01, 6.843877231443783e-01
4.031259044862518e-01, 6.785155026620733e-01
4.339218523878437e-01, 9.470717193861572e-01
4.348480463096961e-01, 8.935170685875352e-01
8.309117221418234e-01, 6.775759473849045e-01
3.619102749638206e-01, 9.534920137801440e-01
3.491172214182344e-01, 8.988412151581585e-01
3.676410998552822e-01, 9.004071406201065e-01
5.974529667149059e-01, 8.207798308800501e-01
6.105354558610709e-01, 8.688537425618541e-01
3.857018813314038e-01, 8.798152207954901e-01
7.238205499276411e-01, 9.532571249608519e-01
7.260202604920405e-01, 7.048230504227999e-01
3.894645441389291e-01, 8.599279674287504e-01
3.451808972503618e-01, 5.400876918258691e-01
3.320984081041968e-01, 5.400093955527717e-01
4.795369030390738e-01, 4.982774819918572e-01
3.651519536903039e-01, 5.758690886313812e-01
3.770188133140376e-01, 5.867522705919198e-01
7.193632416787265e-01, 5.206702160977138e-01
5.602315484804631e-01, 5.969307860945819e-01
5.146164978292330e-01, 8.126370184779205e-01
8.291172214182344e-01, 5.571562793611025e-01
1.886541244573083e-01, 4.794080801753837e-01
5.477279305354559e-01, 5.908236767929846e-01
4.149927641099855e-01, 8.169433134982775e-01
4.660492040520984e-01, 6.443783275916066e-01
4.511722141823444e-01, 6.457876605073598e-01
4.156874095513748e-01, 5.613842781083620e-01
2.234442836468886e-01, 4.040087691825869e-01
2.451519536903039e-01, 5.014876291888506e-01
1.653835021707670e-01, 5.018008142812402e-01
1.877858176555716e-01, 5.643595364860633e-01
1.679884225759768e-01, 5.611493892890699e-01
3.910274963820550e-01, 5.928593798935171e-01
5.989001447178003e-01, 5.905887879736924e-01
9.378292329956585e-01, 4.783902286251174e-01
5.483068017366136e-01, 4.727528969621046e-01
6.352532561505065e-01, 4.116035076730348e-01
1.217366136034732e-01, 4.622611963670529e-01
3.971056439942113e-01, 5.045411838396492e-01
4.704486251808973e-01, 5.909802693391795e-01
8.561505065123011e-01, 4.825399310992797e-01
6.542402315484804e-01, 5.122142186031945e-01
6.576555716353112e-01, 6.093798935170686e-01
8.521562952243126e-01, 4.360319448794238e-01
7.193632416787265e-01, 6.544785468211713e-01
2.488567293777135e-01, 4.222518008142813e-01
2.380318379160637e-01, 3.860789226432822e-01
3.722720694645442e-01, 5.370341371750704e-01
7.241099855282199e-01, 5.448637644848106e-01
7.845441389290883e-01, 4.653930472909489e-01
8.791316931982633e-01, 4.374412777951769e-01
9.674674384949349e-01, 5.844033823989978e-01
2.203183791606368e-01, 4.417475728155340e-01
3.147322720694645e-01, 5.201221421860319e-01
2.632706222865412e-01, 4.581114938928907e-01
6.384370477568740e-01, 3.901503288443470e-01
9.681041968162084e-01, 5.300657688694018e-01
8.210130246020261e-01, 6.009238960225494e-01
7.099276410998553e-01, 4.743188224240526e-01
5.477858176555717e-01, 4.521609771374883e-01
9.480173661360347e-01, 4.415126839962418e-01
4.832995658465991e-01, 4.578766050735985e-01
6.118668596237338e-01, 4.297682430316317e-01
3.858755426917511e-01, 4.867679298465393e-01
3.707670043415340e-01, 4.630441590980269e-01
9.212156295224313e-01, 5.654556843094268e-01
9.033863965267728e-01, 5.550422799874726e-01
9.143849493487699e-01, 5.579392420920765e-01
1.851230101302460e-01, 6.234732226746007e-01
2.801736613603473e-01, 6.633260256811776e-01
8.413892908827786e-01, 6.119636705292828e-01
5.267727930535456e-01, 4.920137801440652e-01
6.061939218523879e-01, 5.299874725963044e-01
5.437916063675832e-01, 5.518321327904792e-01
7.998263386396527e-01, 5.997494519260883e-01
8.073516642547033e-01, 5.972439711869715e-01
3.593632416787265e-01, 5.445505793924209e-01
3.656729377713459e-01, 5.958346382712183e-01
3.539797395079595e-01, 5.388349514563107e-01
4.915774240231549e-01, 5.986533041027247e-01
4.804052098408104e-01, 5.887879736924523e-01
7.000868306801736e-01, 5.262292514876292e-01
7.818234442836469e-01, 5.036016285624805e-01
7.598842257597684e-01, 4.991387409959286e-01
7.692040520984081e-01, 4.981991857187598e-01
8.789580318379161e-01, 5.129971813341685e-01
8.483936324167872e-01, 4.751017851550266e-01
1.836179450072359e-01, 4.204509865330410e-01
1.850072358900145e-01, 4.386940181647354e-01
6.080463096960926e-01, 6.072658941434388e-01
5.825180897250362e-01, 5.899624177889132e-01
2.194500723589002e-01, 4.072972126526777e-01
1.971635311143271e-01, 4.056529909176323e-01
2.047467438494935e-01, 4.036955840901973e-01
4.247756874095514e-01, 6.067961165048543e-01
4.145875542691751e-01, 5.927027873473223e-01
7.718668596237337e-01, 5.876135295959912e-01
7.043704775687409e-01, 5.839336047604134e-01
2.964978292329957e-01, 4.554494206075791e-01
3.025180897250362e-01, 4.761979329783902e-01
2.983502170767005e-01, 4.545098653304103e-01
2.508248914616498e-01, 5.227842154713436e-01
2.400578871201158e-01, 5.198089570936424e-01
2.526772793053546e-01, 5.183996241778891e-01
6.784949348769899e-01, 4.734575634199812e-01
6.963241678726483e-01, 4.724397118697150e-01
6.834732272069465e-01, 4.711869715001566e-01
1.736613603473227e-01, 4.031475101785155e-01
1.874963820549928e-01, 4.012683996241779e-01
9.192474674384949e-01, 6.028030065768869e-01
9.069175108538350e-01, 5.941121202630755e-01
9.198263386396527e-01, 5.966176010021923e-01
7.091172214182344e-01, 6.035859693078609e-01
6.950506512301013e-01, 5.890228625117444e-01
7.856439942112879e-01, 4.351706858753523e-01
7.829232995658466e-01, 4.509082367679298e-01
9.051230101302460e-01, 4.743188224240526e-01
9.132272069464544e-01, 4.779987472596304e-01
7.297250361794501e-01, 6.265267773253993e-01
8.485672937771346e-01, 5.129188850610711e-01
3.161215629522431e-01, 5.429846539304729e-01
3.072069464544139e-01, 5.368775446288757e-01
3.001447178002895e-01, 5.415753210147197e-01
3.125904486251809e-01, 7.247886000626370e-01
6.482199710564399e-01, 4.956154087065456e-01
6.569609261939219e-01, 4.951456310679612e-01
6.822575976845152e-01, 6.268399624177889e-01
8.024891461649782e-01, 5.160507359849671e-01
8.129667149059334e-01, 5.135452552458503e-01
1.774819102749638e-01, 4.672721578452866e-01
6.158031837916064e-01, 5.899624177889132e-01
5.406657018813315e-01, 5.935640463513937e-01
1.976845151953690e-01, 5.624804259317256e-01
6.912879884225760e-01, 6.283275916066395e-01
4.783791606367583e-01, 4.610867522705919e-01
4.972503617945007e-01, 4.589727528969621e-01
4.263386396526773e-01, 4.704040087691826e-01
3.124167872648336e-01, 4.776855621672408e-01
4.380897250361794e-01, 4.631224553711243e-01
7.103907380607815e-01, 6.266833698715941e-01
2.260492040520984e-01, 5.593485750078296e-01
4.641389290882779e-01, 4.625743814594425e-01
7.200578871201158e-01, 5.850297525837770e-01
6.180607814761215e-01, 6.396805512057626e-01
6.228075253256150e-01, 5.955997494519261e-01
1.182054992764110e-01, 7.257281553398058e-01
3.005499276410998e-01, 6.216724083933605e-01
2.041099855282200e-01, 5.605230191042906e-01
7.420549927641100e-01, 5.447071719386157e-01
6.664544138929088e-01, 6.215158158471656e-01
2.224023154848046e-01, 5.654556843094268e-01
7.189001447178003e-01, 6.114938928906984e-01
7.336613603473228e-01, 4.195897275289696e-01
7.148480463096961e-01, 5.871437519574069e-01
3.008393632416787e-01, 7.037269025994363e-01
4.689435600578871e-01, 4.421390541810210e-01
5.762083936324168e-01, 5.914500469777638e-01
6.845730824891462e-01, 5.907453805198872e-01
6.720115774240232e-01, 5.706232383338553e-01
8.444573082489146e-01, 6.336517381772627e-01
5.626049204052098e-01, 5.513623551518948e-01
6.816787264833575e-01, 6.520513623551519e-01
3.973950795947901e-01, 5.783745693704979e-01
2.672069464544139e-01, 5.596617601002192e-01
2.053256150506512e-01, 4.418258690886314e-01
5.257887120115774e-01, 5.742248668963358e-01
6.131403762662807e-01, 4.496554963983714e-01
3.822286541244573e-01, 6.417945505793924e-01
5.929377713458756e-01, 4.889602254932665e-01
6.530246020260492e-01, 5.707015346069527e-01
8.293487698986975e-01, 5.158158471656750e-01
1.469753979739508e-01, 7.257281553398058e-01
7.801447178002895e-01, 4.411994989038522e-01
1.436179450072359e-01, 6.655966176010022e-01
4.957452966714906e-01, 6.190103351080488e-01
1.873806078147612e-01, 4.428437206388976e-01
1.532850940665702e-01, 4.426871280927028e-01
7.585528219971056e-01, 6.270748512370811e-01
8.127930535455861e-01, 6.123551518947699e-01
2.498986975397974e-01, 4.746320075164422e-01
2.475832127351664e-01, 4.958502975258378e-01
5.504486251808972e-01, 6.320075164422173e-01
6.575397973950796e-01, 4.742405261509552e-01
1.741244573082489e-01, 5.411055433761353e-01
8.171924746743849e-01, 5.194174757281553e-01
4.511722141823444e-01, 4.653147510178515e-01
4.029522431259045e-01, 4.254619480112747e-01
4.191027496382055e-01, 5.386000626370184e-01
1.844283646888567e-01, 4.025994362668337e-01
1.154269175108538e-01, 4.224866896335734e-01
1.835021707670043e-01, 4.851237081114939e-01
9.665991316931982e-01, 5.357031005324147e-01
9.149638205499276e-01, 5.407140620106483e-01
5.817076700434154e-01, 5.509708737864077e-01
3.314616497829233e-01, 5.191825869088631e-01
2.228075253256150e-01, 5.400093955527717e-01
6.707959479015919e-01, 4.556060131537739e-01
1.961794500723589e-01, 4.249138740995929e-01
1.883646888567294e-01, 5.201221421860319e-01
2.888567293777135e-01, 5.612276855621673e-01
5.479015918958032e-01, 5.710147196993424e-01
1.854124457308249e-01, 4.585029752583777e-01
3.070332850940666e-01, 4.567804572502349e-01
1.334298118668596e-01, 3.632164108988412e-01
4.159768451519537e-01, 4.424522392734106e-01
4.162662807525326e-01, 5.834638271218290e-01
7.422865412445731e-01, 4.791731913560914e-01
6.610709117221418e-01, 5.095521453178828e-01
8.009840810419682e-01, 4.563889758847479e-01
8.536034732272070e-01, 4.559191982461635e-01
7.154269175108539e-01, 4.993736298152208e-01
9.118958031837916e-01, 4.584246789852803e-01
4.029522431259045e-01, 4.848105230191043e-01
9.181476121562953e-01, 5.826808643908550e-01
7.939797395079595e-01, 5.774350140933292e-01
1.872069464544139e-01, 3.834951456310680e-01
6.929088277858176e-01, 5.658471656749139e-01
5.562952243125905e-01, 4.722048230504228e-01
8.646599131693198e-01, 5.898058252427184e-01
3.212156295224313e-01, 6.012370811149389e-01
6.235021707670043e-01, 5.282649545881616e-01
2.549348769898698e-01, 4.974945192608832e-01
1.435021707670043e-01, 3.831036642655810e-01
6.688277858176556e-01, 6.089884121515816e-01
3.785817655571636e-01, 6.086752270591920e-01
5.665991316931983e-01, 6.100845599749452e-01
4.498986975397974e-01, 6.050735984967116e-01
3.719826338639653e-01, 4.422956467272158e-01
4.989869753979739e-01, 5.954431569057312e-01
2.592764109985528e-01, 5.383651738177263e-01
6.317800289435601e-01, 5.903538991544003e-01
4.263965267727930e-01, 5.202787347322267e-01
6.015629522431259e-01, 5.706232383338553e-01
2.619392185238784e-01, 5.174600689007203e-01
7.617945007235890e-01, 6.070310053241466e-01
7.938639652677280e-01, 5.356248042593172e-01
3.886541244573082e-01, 4.626526777325399e-01
3.670622286541245e-01, 5.554337613529596e-01
6.290593342981187e-01, 4.302380206702161e-01
6.081620839363242e-01, 4.700908236767930e-01
4.674963820549928e-01, 5.743031631694331e-01
6.175397973950796e-01, 6.121985593485750e-01
6.680173661360347e-01, 4.897431882242405e-01
7.783502170767004e-01, 6.268399624177889e-01
7.217945007235890e-01, 6.051518947698089e-01
8.706801736613603e-01, 6.100845599749452e-01
7.540376266280753e-01, 5.392264328217977e-01
8.600868306801737e-01, 5.505793924209208e-01
6.302749638205499e-01, 4.503601628562480e-01
1.755716353111433e-01, 3.638427810836204e-01
3.089435600578871e-01, 5.815847165674913e-01
8.720694645441389e-01, 6.298152207954901e-01
7.383502170767005e-01, 4.400250548073912e-01
6.080463096960926e-01, 5.086125900407140e-01
6.263386396526772e-02, 7.049796429689946e-01
1.044862518089725e-01, 7.061540870654557e-01
8.649493487698987e-01, 4.959285937989352e-01
7.488277858176555e-01, 4.189633573441904e-01
7.468596237337193e-01, 5.191825869088631e-01
1.197684515195369e-01, 6.856404635139367e-01
2.778581765557164e-02, 6.831349827748199e-01
5.898697539797395e-02, 7.248668963357344e-01
3.172214182344428e-02, 6.269965549639838e-01
1.366136034732272e-01, 4.620263075477608e-01
2.093198263386397e-01, 4.784685248982148e-01
5.484225759768452e-01, 4.919354838709677e-01
2.614761215629522e-01, 4.775289696210460e-01
2.009261939218524e-01, 4.995302223614156e-01
7.297829232995658e-01, 5.846382712182900e-01
8.527351664254703e-01, 5.316316943313498e-01
8.641968162083936e-01, 4.758064516129032e-01
8.623444283646888e-01, 5.699185718759787e-01
7.306512301013025e-01, 4.598340119010335e-01
1.314037626628075e-01, 4.029126213592233e-01
1.421707670043415e-01, 4.231130598183526e-01
3.957742402315485e-01, 6.271531475101785e-01
4.549348769898697e-01, 6.249608518634513e-01
5.786975397973951e-01, 6.297369245223927e-01
5.216787264833574e-01, 6.147823363607893e-01
6.467727930535456e-01, 4.105856561227685e-01
3.397973950795948e-01, 4.777638584403383e-01
3.509117221418234e-01, 4.991387409959286e-01
3.414182344428365e-01, 7.225180081428124e-01
3.291461649782924e-01, 6.212809270278735e-01
6.407525325615051e-01, 6.331819605386784e-01
7.083646888567294e-01, 6.468055120576260e-01
4.773371924746744e-01, 4.779204509865330e-01
4.398842257597684e-01, 4.232696523645474e-01
3.517800289435600e-01, 5.804102724710304e-01
7.875542691751085e-01, 4.949890385217663e-01
9.399710564399422e-01, 6.206545568430942e-01
7.238784370477569e-01, 8.671312245537113e-01
7.197684515195369e-01, 8.694018164735359e-01
4.468885672937771e-01, 6.262135922330098e-01
4.431837916063676e-01, 6.273097400563733e-01
7.304775687409552e-01, 4.788600062637018e-01
3.490014471780029e-01, 7.421703726902600e-01
6.905354558610709e-01, 7.857813968055121e-01
6.869464544138929e-01, 7.878170999060444e-01
7.759189580318380e-01, 9.234262449107422e-01
7.715774240231549e-01, 9.243658001879110e-01
6.408683068017366e-01, 4.098809896648919e-01
5.449493487698986e-01, 4.727528969621046e-01
7.019392185238784e-01, 2.903225806451613e-01
6.974240231548481e-01, 2.940025054807391e-01
4.463096960926194e-01, 6.586282492953336e-01
4.474674384949349e-01, 6.560444722831194e-01
6.780318379160637e-01, 2.237707485123708e-01
1.271780028943560e-01, 4.635139367366113e-01
1.630101302460203e-01, 1.413247729408080e-01
9.215629522431259e-01, 8.760569996868149e-01
3.825180897250362e-01, 5.732070153460695e-01
9.319247467438495e-01, 6.088318196053868e-01
9.349348769898698e-01, 6.059348575007829e-01
2.295803183791606e-01, 1.820388349514563e-01
4.052677279305354e-01, 5.941904165361729e-01
6.817945007235890e-01, 2.047447541497025e-01
4.882778581765557e-01, 6.440651424992171e-01
5.418234442836469e-01, 6.368618853742561e-01
5.467438494934876e-01, 6.389758847478860e-01
2.999710564399421e-01, 8.253210147196993e-01
2.966136034732272e-01, 8.243031631694331e-01
3.402026049204052e-01, 2.662856248042593e-01
6.454992764109986e-01, 2.659724397118697e-01
6.502460202604921e-01, 2.644848105230191e-01
5.973950795947902e-01, 7.053711243344817e-01
6.010419681620839e-01, 7.037269025994363e-01
4.370477568740955e-01, 6.548700281866583e-01
4.397684515195369e-01, 6.518164735358597e-01
5.253256150506512e-01, 8.957093642342624e-01
5.281041968162083e-01, 8.928906984027560e-01
1.844283646888567e-01, 5.826025681177576e-01
2.321273516642547e-01, 5.793924209207642e-01
4.422575976845152e-01, 8.772314437832759e-01
4.384949348769899e-01, 8.785624804259318e-01
5.146164978292330e-01, 7.142968994675853e-01
5.107959479015919e-01, 7.173504541183839e-01
3.043125904486252e-01, 7.207171938615722e-01
2.983502170767005e-01, 7.207171938615722e-01
9.210998552821997e-01, 6.356874412777952e-01
2.033574529667149e-01, 3.026150955214532e-01
1.997684515195369e-01, 3.041810209834012e-01
9.822865412445730e-01, 5.459599123081741e-01
8.370477568740955e-01, 3.017538365173817e-01
8.327062228654124e-01, 3.041810209834012e-01
2.898408104196816e-01, 6.209677419354839e-01
2.860202604920405e-01, 6.230034450360162e-01
4.859044862518090e-01, 6.452395865956780e-01
3.565267727930536e-01, 8.800501096147824e-01
3.526483357452967e-01, 8.814594425305355e-01
9.425759768451519e-01, 6.010021922956468e-01
9.381765557163532e-01, 6.031944879423740e-01
4.275542691751085e-01, 7.170372690259944e-01
4.238494934876990e-01, 7.192295646727216e-01
4.171345875542692e-01, 6.514249921703726e-01
4.139507959479016e-01, 6.530692139054181e-01
3.609261939218524e-01, 4.599906044472283e-01
6.870622286541245e-01, 2.015346069527091e-01
2.791895803183791e-01, 6.192452239273410e-01
2.747322720694645e-01, 6.209677419354839e-01
9.670043415340087e-01, 4.678202317569684e-01
2.672648335745297e-01, 6.186971500156593e-01
2.630390738060782e-01, 6.201847792045099e-01
5.054703328509407e-01, 6.448481052301911e-01
4.445730824891462e-01, 8.360476041340432e-01
1.510853835021708e-01, 6.452395865956780e-01
2.277279305354559e-01, 5.826808643908550e-01
5.672937771345875e-01, 5.925461948011275e-01
6.897829232995658e-01, 5.867522705919198e-01
3.228364688856729e-01, 5.400093955527717e-01
1.478437047756874e-01, 7.073285311619167e-01
4.420839363241679e-01, 6.450046977763858e-01
4.385528219971057e-01, 6.302849984340745e-01
9.768451519536903e-01, 5.447854682117131e-01
5.014761215629523e-01, 4.591293454431569e-01
3.610419681620839e-01, 4.430003131850924e-01
7.725615050651230e-01, 1.411681803946132e-01
7.763241678726484e-01, 1.381929220169120e-01
5.014761215629523e-01, 7.243971186971501e-01
5.051808972503617e-01, 7.210303789539618e-01
7.820549927641099e-01, 1.450829940494832e-01
1.697829232995658e-01, 4.833228938302537e-01
7.275253256150507e-01, 4.816786720952083e-01
9.282199710564399e-01, 4.793297839022863e-01
7.934008683068018e-01, 5.153460695270905e-01
7.901013024602026e-01, 5.166771061697463e-01
5.285094066570188e-01, 7.934544315690573e-01
5.243994211287989e-01, 7.947854682117131e-01
6.109406657018813e-01, 7.987002818665832e-01
6.072358900144718e-01, 7.980739116818040e-01
3.641678726483357e-01, 4.599123081741309e-01
3.953111432706223e-01, 4.725180081428124e-01
2.907091172214182e-01, 8.237550892577513e-01
9.638205499276411e-01, 4.704040087691826e-01
6.827785817655572e-01, 7.168023802067022e-01
6.792474674384950e-01, 7.188380833072345e-01
9.705933429811867e-01, 5.507359849671155e-01
2.873516642547033e-01, 8.250078296273098e-01
2.980028943560058e-01, 7.619010335108048e-01
2.931403762662808e-01, 7.645631067961165e-01
9.334298118668596e-01, 8.701064829314125e-01
9.293198263386396e-01, 8.726119636705293e-01
9.446599131693199e-01, 6.183056686501722e-01
7.855282199710565e-01, 1.424992170372690e-01
3.840810419681621e-01, 5.927027873473223e-01
5.994211287988422e-01, 8.043376135295960e-01
6.042257597684515e-01, 8.015189476980896e-01
8.413314037626628e-01, 8.390228625117444e-01
8.354848046309696e-01, 8.410585656122769e-01
6.584659913169320e-01, 2.574381459442531e-01
6.545875542691751e-01, 2.619793297839023e-01
6.083936324167872e-01, 7.027090510491700e-01
6.044573082489146e-01, 7.032571249608519e-01
5.363820549927641e-01, 8.897588474788600e-01
3.612735166425470e-01, 5.822893830253680e-01
3.422865412445731e-01, 7.417005950516755e-01
8.219392185238784e-01, 6.226119636705293e-01
8.002894356005789e-01, 7.883651738177263e-01
5.317510853835021e-01, 8.897588474788600e-01
9.167004341534009e-01, 6.375665518321328e-01
6.080463096960926e-01, 5.898841215158158e-01
2.812735166425470e-01, 4.567804572502349e-01
7.965267727930535e-01, 7.899310992796743e-01
3.740086830680174e-01, 6.046821171312246e-01
3.822286541244573e-01, 6.251174444096461e-01
8.258176555716353e-01, 6.252740369558409e-01
3.638205499276411e-01, 6.063263388662700e-01
4.365267727930535e-01, 8.302536799248356e-01
1.150795947901592e-01, 7.230660820544942e-01
5.794500723589002e-02, 7.233009708737864e-01
3.565846599131693e-02, 6.634043219542750e-01
3.056439942112880e-02, 6.247259630441591e-01
1.406078147612156e-01, 6.666144691512684e-01
6.321273516642548e-02, 7.016911994989039e-01
1.298408104196816e-01, 4.023645474475415e-01
1.499855282199710e-01, 4.403382398997808e-01
3.892329956584660e-01, 6.258221108675227e-01
3.319826338639653e-01, 7.202474162229878e-01
3.176845151953691e-01, 6.185405574694645e-01
4.535455861070912e-01, 6.318509238960226e-01
5.726772793053546e-01, 6.270748512370811e-01
5.113748191027496e-01, 6.129815220795490e-01
6.345007235890014e-01, 6.291105543376135e-01
6.989290882778582e-01, 6.450829940494832e-01
6.182344428364689e-01, 5.270905104917006e-01
7.413024602026049e-01, 6.154870028186659e-01
7.351664254703328e-01, 5.172251800814281e-01
7.759189580318380e-01, 6.255089257751331e-01
8.616497829232995e-01, 6.289539617914187e-01
7.521273516642547e-01, 4.114469151268400e-01
8.692329956584660e-01, 6.087535233322894e-01
8.620549927641100e-01, 4.950673347948638e-01
7.485962373371925e-01, 5.368775446288757e-01
8.563820549927641e-01, 5.514406514249922e-01
6.666859623733720e-01, 4.708737864077670e-01
6.281910274963820e-01, 4.488725336673974e-01
5.457018813314037e-01, 4.903695584090197e-01
4.759479015918958e-01, 5.010961478233636e-01
4.366425470332851e-01, 4.238960225493267e-01
4.214761215629522e-01, 5.216097713748825e-01
3.270622286541244e-01, 4.712652677732540e-01
2.361215629522431e-01, 5.349984340745381e-01
2.777424023154848e-01, 4.529439398684623e-01
3.275832127351664e-01, 5.147196993423113e-01
2.665123010130246e-01, 4.163795803319762e-01
3.483646888567294e-01, 5.360162856248043e-01
2.549348769898698e-01, 3.815377388036330e-01
2.439363241678726e-01, 4.366583150642029e-01
4.109406657018813e-01, 5.712496085186345e-01
3.880752532561505e-01, 5.317099906044472e-01
4.290014471780029e-01, 5.551205762605700e-01
5.411866859623734e-01, 5.682743501409333e-01
5.764399421128799e-01, 5.450203570310054e-01
5.582054992764109e-01, 5.456467272157846e-01
6.681331403762663e-01, 5.645161290322581e-01
6.862518089725036e-01, 5.638897588474788e-01
7.151953690303907e-01, 5.186345129971813e-01
7.376555716353111e-01, 5.378953961791418e-01
7.978581765557163e-01, 4.577200125274037e-01
8.336903039073806e-01, 5.963827121829001e-01
8.928509406657019e-01, 4.303163169433135e-01
8.655282199710564e-01, 4.296116504854369e-01
9.824023154848046e-01, 5.782179768243032e-01
9.625470332850941e-01, 4.341528343250861e-01
8.437626628075253e-01, 5.106482931412465e-01
9.835600578871201e-01, 5.228625117444410e-01
7.239942112879885e-01, 4.662543062950203e-01
6.525036179450072e-01, 3.832602568117758e-01
5.617366136034733e-01, 4.453492013780144e-01
4.896671490593343e-01, 4.526307547760727e-01
4.703328509406657e-01, 4.572502348888193e-01
4.551085383502171e-01, 4.597557156279361e-01
1.504486251808972e-01, 7.001252740369558e-01
1.350506512301013e-01, 4.593642342624491e-01
2.947612156295225e-01, 6.272314437832759e-01
2.049204052098408e-01, 2.986219855934857e-01
2.266280752532562e-01, 3.993109927967429e-01
2.828364688856729e-01, 5.358596930786095e-01
1.190738060781476e-01, 1.781240212965863e-01
1.667727930535456e-01, 1.337300344503602e-01
3.910853835021708e-01, 5.866739743188224e-01
3.258465991316932e-01, 7.030222361415597e-01
2.997395079594790e-01, 6.173661133730034e-01
5.234153400868307e-01, 1.897118697150016e-01
6.003473227206947e-01, 5.833855308487316e-01
5.687988422575977e-01, 5.857344190416536e-01
6.285962373371925e-01, 6.243344816786721e-01
6.903039073806078e-01, 5.693704979642970e-01
6.879884225759768e-01, 1.958972752896962e-01
7.249782923299566e-01, 5.404791731913561e-01
7.869175108538350e-01, 1.360789226432822e-01
7.779450072358900e-01, 1.317726276229252e-01
8.432416787264834e-01, 6.298935170685875e-01
7.400868306801737e-01, 3.066865017225180e-01
9.667149059334298e-01, 4.617131224553711e-01
9.389290882778581e-01, 4.718133416849358e-01
7.993053545586107e-01, 5.128405887879737e-01
9.857018813314038e-01, 5.394613216410898e-01
7.268306801736614e-01, 4.591293454431569e-01
6.421997105643994e-01, 3.869401816473536e-01
5.473806078147612e-01, 4.508299404948324e-01
5.032706222865413e-01, 4.546664578766051e-01
3.656729377713459e-01, 4.370497964296899e-01
3.613892908827786e-01, 4.862198559348575e-01
3.010709117221418e-01, 7.566551832132791e-01
3.080752532561505e-01, 7.175853429376762e-01
3.587264833574529e-01, 8.761352959599124e-01
2.929667149059335e-01, 8.193704979642970e-01
2.933719247467438e-01, 6.167397431882242e-01
3.443704775687410e-01, 7.380989664891952e-01
2.699276410998553e-01, 6.147040400876919e-01
2.820260492040521e-01, 6.152521139993736e-01
4.448625180897250e-01, 8.731600375822111e-01
4.301013024602026e-01, 7.123394926401503e-01
4.182923299565847e-01, 6.464140306921391e-01
5.313458755426917e-01, 7.896179141872847e-01
6.134298118668596e-01, 7.946288756655183e-01
5.419392185238784e-01, 6.323989978077044e-01
6.610130246020260e-01, 2.511744440964610e-01
6.845151953690304e-01, 7.119480112746633e-01
7.037337192474674e-01, 2.853899154400251e-01
7.792185238784370e-01, 9.202160977137488e-01
8.441678726483357e-01, 8.342467898528030e-01
8.390159189580318e-01, 2.972909489508299e-01
9.353400868306802e-01, 8.648606326338866e-01
8.215340086830680e-01, 6.176010021922956e-01
9.462807525325615e-01, 5.966176010021923e-01
9.251519536903039e-01, 6.309113686188538e-01
8.030680173661361e-01, 7.845286564359536e-01
9.474963820549928e-01, 6.139210773567179e-01
7.267149059334298e-01, 8.630598183526464e-01
6.924457308248915e-01, 7.811619166927655e-01
6.104775687409552e-01, 6.983244597557157e-01
5.384659913169320e-01, 8.859223300970874e-01
5.156005788712011e-01, 7.086595678045725e-01
4.491461649782924e-01, 6.220638897588475e-01
4.497829232995659e-02, 5.821327904791732e-01
3.832127351664254e-02, 5.392264328217977e-01
